spotId,weekday_trips,holiday_trips,routes,정류소명,동코드,경도,위도
379000002,17,17,2.0,명촌,북면,128.6016379,35.38820888
379000003,17,17,2.0,명촌,북면,128.6016506,35.38813166
379000005,17,17,2.0,명촌마을입구,북면,128.6051005,35.38411237
379000006,17,17,2.0,명촌마을입구,북면,128.6053049,35.38360047
379000007,14,14,3.0,초소,북면,128.5948613,35.37813103
379000008,14,14,3.0,초소,북면,128.5944913,35.37778219
379000009,15,15,3.0,내산,북면,128.590784,35.37544961
379000010,32,32,5.0,안신천,북면,128.6137346,35.37313555
379000012,31,31,5.0,안신천,북면,128.6137921,35.37303514
379000013,14,14,3.0,현도,북면,128.5912312,35.37370889
379000014,15,15,3.0,현도,북면,128.5913621,35.37379053
379000015,15,15,3.0,도래,북면,128.5982019,35.37224173
379000016,14,14,3.0,도래,북면,128.5981019,35.37218466
379000017,17,17,3.0,상옥정,동읍,128.6612619,35.37041853
379000018,17,17,3.0,활천,동읍,128.6514391,35.36987055
379000019,16,16,3.0,활천,동읍,128.6515684,35.3697336
379000020,16,16,3.0,하옥정,동읍,128.6669885,35.36874261
379000022,67,67,5.0,일동회관,대산면,128.6840827,35.3679376
379000023,79,79,6.0,일동회관,대산면,128.6839839,35.36796378
379000024,79,79,6.0,일동초등학교,대산면,128.6872062,35.36793344
379000025,31,31,5.0,바깥신천,북면,128.6259299,35.36850963
379000026,67,67,5.0,신성,대산면,128.6961267,35.36764644
379000027,67,67,5.0,일동초등학교,대산면,128.6879092,35.36786449
379000028,32,32,5.0,바깥신천,북면,128.6260472,35.36857162
379000029,69,69,5.0,당리,대산면,128.6914472,35.36775028
379000030,47,47,5.0,본포마을회관,동읍,128.646138,35.3682737
379000031,48,48,5.0,본포마을회관,동읍,128.64611,35.36821769
379000032,67,67,5.0,제1수산교,대산면,128.6997212,35.36699972
379000033,83,83,7.0,신전,대산면,128.6740062,35.36714414
379000034,15,15,3.0,앞실마을,북면,128.6002312,35.3679642
379000035,14,14,3.0,대촌(하천초교),북면,128.6034148,35.36779296
379000036,14,14,3.0,앞실마을,북면,128.6002258,35.36786831
379000037,15,15,3.0,대촌(하천초교),북면,128.603222,35.36784003
379000038,4,4,1.0,내봉촌,미상,128.565528,35.36835829
379000039,4,4,1.0,내봉촌,미상,128.5655012,35.36820292
379000041,67,67,5.0,갈전운동장,대산면,128.6809755,35.36653344
379000043,16,16,3.0,신전입구,대산면,128.6717237,35.36638266
379000044,39,39,3.0,본포,동읍,128.6466164,35.36668528
379000045,71,71,6.0,상리,대산면,128.6777968,35.36602048
379000046,14,14,3.0,중촌,북면,128.6014522,35.36565144
379000047,14,14,3.0,중촌,북면,128.6013072,35.36564998
379000048,32,32,5.0,신기,북면,128.6236141,35.36405767
379000049,31,31,5.0,신기,북면,128.6232711,35.36387005
379000050,14,14,3.0,앞실마을입구,북면,128.5997733,35.36420745
379000051,4,4,1.0,음달마을,미상,128.5650094,35.36452782
379000052,14,14,3.0,앞실마을입구,북면,128.5998637,35.36413163
379000054,39,39,3.0,본포입구,동읍,128.6484038,35.3631755
379000055,40,40,3.0,본포입구,동읍,128.6482669,35.36320665
379000056,4,4,1.0,내봉촌(음달마을),미상,128.5672856,35.36347093
379000058,24,24,4.0,송정종점,대산면,128.6825248,35.36093585
379000059,24,24,4.0,송정,대산면,128.6823695,35.36097025
379000060,16,16,2.0,가곡마을,동읍,128.6442132,35.36062566
379000061,15,15,2.0,가곡마을,동읍,128.6440662,35.36047848
379000062,24,24,3.0,전촌,동읍,128.6533502,35.35977944
379000063,24,24,3.0,전촌,동읍,128.6534055,35.35963793
379000064,14,14,3.0,봉촌,북면,128.5903038,35.36019977
379000065,14,14,3.0,봉촌,북면,128.5900744,35.36004045
379000066,31,31,5.0,신목,북면,128.6179722,35.35892331
379000067,32,32,5.0,신목,북면,128.6180841,35.35886691
379000068,68,68,5.0,북모산마을,대산면,128.7128277,35.35746019
379000069,14,14,3.0,소라,북면,128.5849747,35.35887379
379000070,4,4,1.0,소라,북면,128.5850433,35.35875813
379000071,24,24,3.0,전촌입구,동읍,128.6555278,35.35766314
379000072,24,24,3.0,전촌입구,동읍,128.6556073,35.35771841
379000073,59,59,4.0,남모산,대산면,128.7116116,35.35455276
379000074,67,67,5.0,남모산,대산면,128.7117577,35.35453594
379000075,29,29,4.0,원봉강,동읍,128.6549557,35.35513841
379000076,29,29,4.0,원봉강,동읍,128.6551802,35.35502489
379000077,22,22,4.0,용연입구,동읍,128.6666612,35.35392758
379000078,22,22,4.0,용연입구,동읍,128.6663791,35.35381102
379000079,22,22,4.0,용연마을,동읍,128.6695115,35.35384797
379000080,22,22,4.0,용연마을,동읍,128.6695323,35.35372957
379000081,32,32,5.0,북면온천,북면,128.6102577,35.35461579
379000082,31,31,5.0,북면온천,북면,128.6099733,35.35463086
379000083,247,199,14.0,북면농협,북면,128.6091275,35.35334524
379000084,16,16,2.0,월계,북면,128.6345159,35.35370548
379000085,15,15,2.0,월계,북면,128.6347044,35.35364435
379000086,27,27,5.0,산남,동읍,128.676614,35.35231786
379000087,27,27,5.0,산남,동읍,128.6765824,35.35220953
379000088,239,192,14.0,북면농협,북면,128.6088169,35.35301345
379000089,28,28,5.0,죽동마을,동읍,128.6807519,35.35196515
379000092,20,20,3.0,죽동마을,동읍,128.6807639,35.35184631
379000093,8,8,2.0,죽동,동읍,128.6811678,35.35184361
379000094,16,16,4.0,죽동,동읍,128.6810844,35.35176448
379000095,27,27,5.0,산남입구,동읍,128.6740606,35.35182952
379000096,27,27,5.0,산남입구,동읍,128.6739689,35.35167733
379000098,51,51,8.0,봉강,동읍,128.656843,35.35106671
379000099,51,51,8.0,봉강,동읍,128.6567153,35.35095115
379000100,247,199,14.0,북면지구대,북면,128.6083051,35.35108597
379000101,239,192,14.0,북면지구대,북면,128.6080531,35.35083342
379000102,247,199,14.0,신한아파트,북면,128.6072349,35.34930898
379000103,239,192,14.0,신한아파트,북면,128.6072299,35.34913799
379000104,17,17,2.0,도태,북면,128.5708132,35.34941347
379000105,17,17,2.0,도태,북면,128.5709348,35.3492547
379000108,59,59,4.0,송등,대산면,128.7095608,35.34762294
379000109,67,67,5.0,송등,대산면,128.7096494,35.34629089
379000110,17,17,2.0,성심원,북면,128.5730126,35.34844303
379000111,17,17,2.0,성심원,북면,128.5733144,35.34839435
379000112,247,199,14.0,북면행정복지센터,북면,128.6077811,35.34781398
379000113,239,192,14.0,북면행정복지센터,북면,128.6076596,35.34780642
379000114,15,15,2.0,춘광아파트,북면,128.6093352,35.34750544
379000115,16,16,2.0,춘광아파트,북면,128.6088782,35.34755781
379000117,15,15,2.0,북면연동,북면,128.6259833,35.3469807
379000118,16,16,2.0,북면연동,북면,128.6256784,35.34677477
379000119,51,51,8.0,봉곡마을,동읍,128.6581239,35.34634885
379000120,51,51,8.0,봉곡마을,동읍,128.6580341,35.34628131
379000121,16,16,4.0,윗대방,동읍,128.6902114,35.34527519
379000122,16,16,4.0,윗대방,동읍,128.6901289,35.34518102
379000123,51,51,8.0,섬김의집,동읍,128.6640125,35.34538163
379000124,51,51,8.0,섬김의집,동읍,128.6639865,35.34528545
379000125,15,15,2.0,북면공설운동장,북면,128.6174555,35.3440285
379000126,51,51,8.0,봉곡,동읍,128.6596115,35.34435091
379000127,16,16,2.0,북면공설운동장,북면,128.6174454,35.34411207
379000128,51,51,8.0,봉곡,동읍,128.6596022,35.34426498
379000129,231,183,12.0,대호아파트,북면,128.605945,35.3448638
379000130,224,177,12.0,대호아파트,북면,128.6053135,35.34471714
379000132,6,6,1.0,마산리,북면,128.6178728,35.34421461
379000133,16,16,4.0,대방,대산면,128.6944991,35.34322094
379000134,16,16,4.0,대방,대산면,128.6948312,35.34276844
379000135,51,51,8.0,양교,동읍,128.667571,35.34284541
379000136,17,17,2.0,현천,북면,128.5821382,35.3438192
379000137,17,17,2.0,현천,북면,128.5826413,35.34339411
379000138,51,51,8.0,양교,동읍,128.6677639,35.34251013
379000139,17,17,2.0,중리,북면,128.5915006,35.34129341
379000140,17,17,2.0,중리경로당,북면,128.5915062,35.34113217
379000141,59,59,4.0,대산초등학교,대산면,128.7087949,35.33866319
379000142,67,67,5.0,대산초등학교,대산면,128.7090139,35.33870259
379000144,226,178,12.0,신촌주유소,북면,128.6011532,35.33977044
379000145,224,177,12.0,신촌주유소,북면,128.6010096,35.33973421
379000146,5,5,1.0,합산,동읍,128.6772907,35.33765692
379000147,5,5,1.0,합산,동읍,128.6773869,35.3375815
379000148,24,24,4.0,가촌마을,대산면,128.6976921,35.33629113
379000149,24,24,4.0,가촌마을,대산면,128.6978382,35.33627111
379000150,75,75,6.0,가술,대산면,128.7090879,35.33532932
379000151,58,58,4.0,가촌,대산면,128.7017388,35.33541892
379000152,59,59,4.0,가촌,대산면,128.7016911,35.33533196
379000153,79,79,7.0,가술,대산면,128.7088864,35.33516263
379000154,226,178,12.0,영신아파트,북면,128.6002381,35.3364351
379000155,224,177,12.0,영신아파트,북면,128.6000774,35.33642627
379000156,51,51,8.0,금동,동읍,128.6669378,35.33319449
379000157,51,51,8.0,금동,동읍,128.6670842,35.33312544
379000158,5,5,1.0,용산입구,동읍,128.6787689,35.33273119
379000159,5,5,1.0,용산입구,동읍,128.6788801,35.33278581
379000160,51,51,8.0,용산,동읍,128.6710773,35.33084242
379000161,51,51,8.0,용산,동읍,128.6710663,35.33111514
379000163,132,90,4.0,신동,북면,128.6001216,35.33090322
379000164,94,88,8.0,신동,북면,128.6007987,35.33012566
379000165,129,89,4.0,북면양촌,북면,128.5893272,35.32894091
379000166,5,5,1.0,백양마을,대산면,128.6873494,35.32762224
379000167,5,5,1.0,백양마을,대산면,128.6873298,35.32749478
379000168,132,90,4.0,신음,북면,128.5847338,35.32869158
379000169,129,89,4.0,신음,북면,128.5849666,35.32881224
379000170,95,88,8.0,신동이주단지,북면,128.6017207,35.32753376
379000171,94,88,8.0,신동이주단지,북면,128.6019839,35.32739939
379000172,51,51,8.0,금산마을,동읍,128.6637451,35.32344425
379000173,5,5,1.0,신동마을,대산면,128.6950357,35.32286643
379000174,51,51,8.0,금산마을,동읍,128.6635343,35.32323176
379000175,5,5,1.0,신동마을,대산면,128.6950207,35.32273381
379000178,95,88,8.0,명호마을,북면,128.6021103,35.32100086
379000179,94,88,8.0,명호마을,북면,128.6022759,35.3207854
379000180,16,16,2.0,월산,북면,128.6253331,35.3202882
379000181,16,16,2.0,월산,북면,128.6253252,35.32016087
379000182,16,16,2.0,월촌,북면,128.6171506,35.3195008
379000183,16,16,2.0,월촌,북면,128.6171497,35.3193491
379000184,16,16,2.0,월촌교,북면,128.6094454,35.31902081
379000185,16,16,2.0,월촌교,북면,128.609317,35.31891888
379000186,6,6,1.0,남백마을종점,북면,128.6368892,35.31853516
379000187,16,16,2.0,남백마을종점,북면,128.6367937,35.31857024
379000188,5,5,1.0,동전(14),북면,128.603998,35.31864936
379000189,51,51,8.0,마룡,동읍,128.6616563,35.31744959
379000191,232,179,12.0,동전,북면,128.6033727,35.31788937
379000192,51,51,8.0,마룡,동읍,128.6617715,35.31744055
379000193,170,122,6.0,무동센텀파라디아아파트,북면,128.5799316,35.31887438
379000194,167,121,6.0,무동센텀파라디아아파트,북면,128.5797637,35.31824974
379000195,170,122,6.0,무동입구,북면,128.5849012,35.31636963
379000196,167,121,6.0,무동입구,북면,128.5862493,35.31618115
379000197,79,79,5.0,주남,대산면,128.6943567,35.31556482
379000198,70,70,4.0,주남,대산면,128.6942331,35.31561672
379000199,21,21,2.0,동전,북면,128.5985878,35.31621992
379000200,21,21,2.0,동전,북면,128.5985654,35.31628623
379000201,51,51,8.0,석산,동읍,128.6588753,35.31312289
379000202,209,162,11.0,까치골,북면,128.6051317,35.3119017
379000203,51,51,8.0,석산,동읍,128.6586971,35.31264622
379000204,36,36,3.0,1366경남센터,북면,128.5987823,35.31301374
379000205,211,163,11.0,까치골,북면,128.6056242,35.31211771
379000206,36,36,3.0,1366경남센터,북면,128.5985963,35.3129172
379000207,51,51,8.0,고양이주단지,동읍,128.6572364,35.31017632
379000208,51,51,8.0,고양이주단지,동읍,128.6575322,35.3105305
379000209,209,162,11.0,대천,북면,128.6020565,35.30964798
379000210,211,163,11.0,대천,북면,128.6022593,35.30960711
379000211,79,79,5.0,판신,동읍,128.6863315,35.30763212
379000212,79,79,5.0,판신,동읍,128.6867987,35.3076727
379000213,247,199,14.0,감나무골,북면,128.6007584,35.30757175
379000214,245,198,14.0,감나무골,북면,128.6006924,35.30697317
379000216,36,36,3.0,감계리,북면,128.5997989,35.30733699
379000217,36,36,3.0,감계리,북면,128.5997304,35.30754373
379000218,51,51,8.0,고양,동읍,128.6554104,35.3060693
379000219,51,51,8.0,고양,동읍,128.6555537,35.30595785
379000220,79,79,5.0,주남저수지,동읍,128.6783359,35.30495105
379000221,79,79,5.0,주남저수지,동읍,128.6790942,35.30503523
379000224,79,79,5.0,가월마을입구,동읍,128.6750688,35.30386562
379000225,51,51,8.0,화목,동읍,128.6576441,35.30397776
379000226,51,51,8.0,화목,동읍,128.6578523,35.30377486
379000227,11,11,2.0,승산초등학교,북면,128.6273768,35.30360223
379000228,11,11,2.0,승산초등학교,북면,128.6272136,35.30349628
379000229,79,79,5.0,가월입구,동읍,128.6745616,35.30344898
379000230,270,216,15.0,감계입구,북면,128.6010192,35.30317206
379000231,268,215,15.0,감계입구,북면,128.6007906,35.3033396
379000232,51,51,8.0,곡목,동읍,128.6634195,35.30157816
379000233,51,51,8.0,곡목,동읍,128.6633885,35.30147896
379000234,21,21,2.0,내감,북면,128.5934466,35.3005004
379000235,21,21,2.0,내감,북면,128.5933454,35.3005064
379000237,100,94,9.0,화천리,북면,128.6033567,35.30002713
379000238,101,94,9.0,화천리,북면,128.6033253,35.29978349
379000240,130,130,13.0,다호,동읍,128.6724266,35.29772298
379000241,130,130,13.0,다호,동읍,128.6724829,35.29792337
379000242,21,21,2.0,중방마을,북면,128.5935794,35.29826013
379000243,11,11,2.0,고암마을,북면,128.6284519,35.29692506
379000244,11,11,2.0,고암마을,북면,128.6284036,35.29716073
379000245,22,22,4.0,무점종점,동읍,128.6941698,35.29437431
379000246,22,22,4.0,무점종점,동읍,128.6944778,35.29439365
379000247,130,130,13.0,모암,동읍,128.6755606,35.29348343
379000248,130,130,13.0,모암,동읍,128.6751056,35.29449355
379000249,21,21,2.0,북면새터,북면,128.5956566,35.295278
379000250,11,11,2.0,한수,북면,128.6239049,35.29322455
379000251,11,11,2.0,한수,북면,128.6238618,35.29336257
379000252,130,130,13.0,칠성아파트,동읍,128.6758843,35.29278727
379000253,198,151,9.0,중재골입구,북면,128.6052351,35.29319139
379000254,200,152,9.0,중재골입구,북면,128.6053579,35.29315252
379000255,130,130,13.0,칠성아파트,동읍,128.6758429,35.29144504
379000256,21,21,2.0,외감,북면,128.6003493,35.29118907
379000257,21,21,2.0,외감,북면,128.6002792,35.29109228
379000258,30,30,5.0,우성아파트,동읍,128.6997298,35.2892912
379000259,30,30,5.0,우성아파트,동읍,128.6994454,35.2892231
379000260,200,152,9.0,외감입구,북면,128.606389,35.28938832
379000262,219,172,11.0,외감입구,북면,128.6064916,35.28916846
379000263,21,21,2.0,외감입구,북면,128.6064802,35.2893155
379000264,11,11,2.0,대한마을,북면,128.6188743,35.28870253
379000265,11,11,2.0,대한마을,북면,128.6190316,35.28871659
379000268,35,35,6.0,무성마을입구,동읍,128.7008521,35.28575328
379000269,130,130,13.0,신방,동읍,128.6802762,35.28591532
379000270,130,130,13.0,신방,동읍,128.6803762,35.28569098
379000271,36,36,6.0,무성마을입구,동읍,128.7004734,35.28516448
379000272,11,11,2.0,지개리,북면,128.6140952,35.28648444
379000274,221,173,11.0,지개리입구,북면,128.6103302,35.28599286
379000276,219,172,11.0,지개리입구,북면,128.6102892,35.28586498
379000277,136,136,14.0,용잠.동읍행정복지센터,동읍,128.6822743,35.28366841
379000279,136,136,14.0,용잠.동읍행정복지센터,동읍,128.6824715,35.28363863
379000280,230,183,13.0,달천산림욕장,북면,128.6122859,35.28379312
379000282,154,134,6.0,자여입구,동읍,128.6959212,35.28032385
379000283,154,134,6.0,자여입구,동읍,128.6957386,35.28029585
379000284,232,184,13.0,산수정,북면,128.6137152,35.28162744
379000285,230,183,13.0,산수정,북면,128.6136455,35.28142313
379000287,127,107,6.0,동읍지구대,동읍,128.6888754,35.27905907
379000288,136,116,7.0,동읍지구대,동읍,128.689696,35.27895988
379000290,154,134,6.0,성진1차아파트,동읍,128.7054409,35.27745088
379000291,127,107,6.0,용잠삼거리,동읍,128.6850125,35.27725622
379000292,11,11,2.0,남산마을,동읍,128.660803,35.27784594
379000294,154,134,6.0,자여민원센터,동읍,128.7006784,35.27725706
379000295,242,222,17.0,용잠삼거리,동읍,128.6842029,35.27722131
379000297,232,184,13.0,굴현고개,북면,128.6160901,35.27730647
379000299,22,22,2.0,용전마을,동읍,128.656854,35.27645815
379000300,230,183,13.0,굴현고개,북면,128.6161063,35.27675083
379000302,154,134,6.0,용정,동읍,128.7031314,35.27526122
379000304,231,211,16.0,동읍덕산마을,동읍,128.6751424,35.27456283
379000305,230,210,16.0,동읍덕산마을,동읍,128.6742214,35.27438237
379000306,154,134,6.0,성진5차아파트,동읍,128.7057591,35.27368799
379000310,22,22,2.0,외단계,미상,128.7110476,35.2706693
379000313,219,199,14.0,용전.남산마을입구,동읍,128.6616074,35.27095636
379000314,232,184,13.0,천주암,동정동,128.614358,35.27155964
379000315,220,200,14.0,용전.남산마을입구,동읍,128.6616577,35.27059519
379000316,230,183,13.0,천주암,동정동,128.6142108,35.27144038
379000317,219,199,14.0,용암,동읍,128.6472602,35.26949846
379000318,220,200,14.0,용암,동읍,128.6466746,35.26946843
379000319,220,200,14.0,용강검문소,도계동,128.6406137,35.26783989
379000320,219,199,14.0,용강검문소,도계동,128.639714,35.26789767
379000322,247,199,14.0,동정동갓골,동정동,128.6165887,35.26630467
379000323,245,198,14.0,동정동갓골,동정동,128.6163663,35.26618459
379000324,239,177,8.0,평성종점,내서읍,128.53243,35.26634652
379000325,249,187,8.0,평성종점,내서읍,128.5325992,35.2662903
379000326,311,227,10.0,신우타워,내서읍,128.5275165,35.26652663
379000327,311,225,10.0,신우타워,내서읍,128.5279332,35.26647811
379000328,260,181,5.0,소답초등학교,소답동,128.6273052,35.26507244
379000329,220,151,4.0,향교입구,소답동,128.6242532,35.26507544
379000330,260,181,5.0,창원초등학교,서상동,128.6202862,35.26508044
379000331,408,293,12.0,소답상가,소답동,128.6256617,35.26489911
379000333,408,293,12.0,북동공설시장,중동,128.6220922,35.26492444
379000336,247,199,14.0,흥한웰가아파트,서상동,128.6181899,35.26446465
379000337,368,263,11.0,동일그린맨션,소답동,128.6283102,35.26426344
379000338,30,30,2.0,안성종점,내서읍,128.5509949,35.26516812
379000339,57,57,3.0,안성종점,내서읍,128.551215,35.26518783
379000342,505,379,19.0,흥한웰가아파트,동정동,128.617951,35.26430902
379000344,307,215,6.0,동정동/써니마트,서상동,128.6178319,35.26349677
379000345,260,181,5.0,청년주유소,소답동,128.6286568,35.26324297
379000346,256,203,14.0,동정동/더서울병원,서상동,128.6183262,35.26321944
379000347,66,51,3.0,호계,내서읍,128.5187824,35.26518696
379000348,81,63,3.0,호계,내서읍,128.5190182,35.26497504
379000349,211,147,4.0,오성아파트,서상동,128.6161279,35.26289155
379000350,267,185,5.0,오성아파트,서상동,128.6154932,35.26252944
379000351,408,293,12.0,소답온천,소답동,128.6286003,35.26214385
379000352,63,63,4.0,안곡마을,내서읍,128.5350752,35.26317144
379000353,81,63,3.0,국제아파트,내서읍,128.5214149,35.26291181
379000354,415,329,12.0,태광주유소,서상동,128.6151521,35.26203265
379000355,66,51,3.0,국제아파트,내서읍,128.5212068,35.26282554
379000356,62,62,4.0,안곡마을,내서읍,128.5349942,35.26309575
379000357,230,210,16.0,도계동만남의광장,도계동,128.6329544,35.2618589
379000358,659,523,27.0,윤병원,서상동,128.6200302,35.26179249
379000361,724,568,28.0,의창동환승센터,서상동,128.6228942,35.26166344
379000362,231,211,16.0,도계동만남의광장,도계동,128.6322538,35.26151572
379000364,416,327,15.0,금호온천,소답동,128.6292549,35.26154856
379000365,361,292,11.0,의창사거리,서상동,128.6169419,35.26160771
379000366,659,523,27.0,소답동,소답동,128.6257342,35.26146649
379000367,494,401,19.0,윤병원,서상동,128.6209841,35.26139312
379000369,559,446,20.0,의창동환승센터,중동,128.6244038,35.2612419
379000370,494,401,19.0,소답동,소답동,128.6285109,35.2611449
379000372,234,150,5.0,도계동,도계동,128.6362921,35.26082375
379000373,3,3,1.0,용담종점,내서읍,128.4962215,35.2627352
379000374,3,3,1.0,용담종점,내서읍,128.4974768,35.26243127
379000375,229,147,5.0,한마음아파트,도계동,128.6346775,35.26028079
379000376,610,468,16.0,서상삼거리,동정동,128.6104637,35.26062297
379000377,184,141,7.0,제일고등학교,내서읍,128.5069223,35.2619199
379000378,224,171,8.0,마산대학교종점,내서읍,128.5035485,35.2617367
379000379,223,171,8.0,마산대학교종점,내서읍,128.5036809,35.26175048
379000380,180,138,7.0,제일고등학교,내서읍,128.5066251,35.26200106
379000381,234,150,5.0,한마음아파트,도계동,128.6335314,35.25984322
379000382,666,513,18.0,서상삼거리,동정동,128.610353,35.26009881
379000385,57,57,3.0,안성새터마을,내서읍,128.5456446,35.26055991
379000386,57,57,3.0,안성새터마을,내서읍,128.5457148,35.26046254
379000387,313,248,17.0,창원여중,팔용동,128.6166879,35.25946231
379000389,344,246,10.0,3.15아트센터,양덕동,128.5770923,35.22671986
379000390,230,162,7.0,호계농협,내서읍,128.5231042,35.26059844
379000391,229,147,5.0,도계초등학교,도계동,128.6380958,35.25865773
379000393,234,150,5.0,도계초등학교,도계동,128.6380159,35.25905985
379000394,7,7,1.0,북부,대산면,128.7236716,35.34679099
379000396,296,238,16.0,창원여중,팔용동,128.6165122,35.25891244
379000400,62,62,4.0,평성마을,내서읍,128.5380794,35.25931701
379000401,63,63,4.0,평성마을,내서읍,128.5383633,35.25923087
379000403,191,148,7.0,소계종점입구,소계동,128.6020942,35.25822344
379000405,209,156,7.0,수곡,내서읍,128.5097859,35.2595345
379000406,205,153,7.0,수곡,내서읍,128.5097192,35.25949401
379000408,1285,942,38.0,창원역,동정동,128.6073585,35.25728335
379000409,353,304,21.0,창원역,팔용동,128.6077952,35.25716544
379000411,169,126,6.0,마산대학교정문,내서읍,128.5095377,35.25827017
379000413,303,219,9.0,동서병원,내서읍,128.5216444,35.25652114
379000414,303,217,9.0,동서병원,내서읍,128.5221737,35.25800183
379000416,165,123,6.0,마산대학교정문,내서읍,128.5087735,35.25790212
379000417,443,296,19.0,창원웨딩의전당,팔용동,128.610464,35.25656237
379000418,191,148,7.0,소계입구,소계동,128.6012452,35.25667221
379000419,198,153,8.0,소계시장,소계동,128.599647,35.25682161
379000420,229,147,5.0,대남종합상가,도계동,128.6402705,35.25613503
379000421,435,290,18.0,창원웨딩의전당,팔용동,128.6103552,35.25641544
379000422,929,642,17.0,창원역,팔용동,128.6070749,35.25641744
379000423,116,98,1.0,소계입구,소계동,128.6011096,35.25645598
379000424,234,150,5.0,창원중고등학교,도계동,128.6409908,35.25557359
379000426,116,98,1.0,소계동,소계동,128.6022227,35.25578386
379000428,240,191,14.0,팔룡동행정복지센터,팔용동,128.6130352,35.25544573
379000429,272,219,15.0,팔룡동행정복지센터,팔용동,128.613313,35.25538296
379000432,116,98,1.0,소계동,소계동,128.6026193,35.25536493
379000434,307,176,7.0,극동아파트,팔용동,128.6136884,35.25471506
379000435,317,184,8.0,극동아파트,팔용동,128.6136132,35.25454874
379000436,314,251,9.0,구암중,구암동,128.5967409,35.25502295
379000437,209,156,7.0,죽암,내서읍,128.5101992,35.25563012
379000438,205,153,7.0,죽암,내서읍,128.5100923,35.25538634
379000440,191,148,7.0,대지아파트,구암동,128.5972186,35.25416637
379000442,79,69,3.0,장미파크맨션,내서읍,128.5193277,35.25463376
379000443,278,194,6.0,경남테크노파크,팔용동,128.6078276,35.25327028
379000444,151,107,7.0,팔룡동,팔용동,128.6110368,35.25324795
379000445,78,68,3.0,서광맨션,내서읍,128.5199602,35.25415644
379000446,229,147,5.0,두산위브,명서동,128.6415994,35.25224725
379000448,152,111,8.0,팔룡동,팔용동,128.6109002,35.25274044
379000451,275,148,6.0,팔룡중학교,팔용동,128.6172099,35.25269323
379000452,234,150,5.0,두산위브,명서동,128.641729,35.25209525
379000453,318,220,7.0,팔룡동입구,팔용동,128.6100229,35.25246628
379000454,314,251,9.0,유성아파트,구암동,128.5939101,35.25267506
379000455,224,150,6.0,구미동,내서읍,128.5209052,35.25353844
379000456,283,155,7.0,팔룡중학교,팔용동,128.6177622,35.25217843
379000458,191,148,7.0,수영아파트,구암동,128.5946095,35.25227641
379000460,225,149,6.0,구미동,내서읍,128.5209403,35.25311314
379000461,126,92,4.0,명지여고,명서동,128.6477562,35.25148044
379000464,308,209,5.0,팔룡동입구,팔용동,128.6107104,35.25160363
379000466,1163,810,35.0,한국전력,구암동,128.599324,35.25127276
379000467,125,91,4.0,명서중학교,명서동,128.6459439,35.25094308
379000469,125,91,4.0,명지여고,명서동,128.6482982,35.25087044
379000470,126,92,4.0,명서중학교,명서동,128.6452126,35.25070197
379000473,244,191,10.0,농산물도매시장입구,내서읍,128.5124542,35.25235003
379000474,235,183,10.0,중리본동,내서읍,128.5123391,35.25209701
379000475,1087,753,33.0,KT동마산지점,구암동,128.5979819,35.25052541
379000476,382,271,8.0,동서식품,팔용동,128.6129642,35.25074578
379000477,1156,806,34.0,한국전력,구암동,128.5993142,35.25086644
379000478,307,246,8.0,구암1동행정복지센터,구암동,128.5936417,35.2509249
379000479,314,251,9.0,구암1동행정복지센터,구암동,128.5936932,35.25074443
379000482,162,90,3.0,팔룡어울림운동장,팔용동,128.6176086,35.25018252
379000483,174,92,4.0,팔룡어울림운동장,팔용동,128.6179669,35.25010338
379000484,152,124,4.0,봉림휴먼시아,봉곡동,128.667319,35.24923415
379000485,148,121,4.0,봉림휴먼시아,봉곡동,128.6661479,35.24918625
379000487,349,244,7.0,동서식품,팔용동,128.6137411,35.2498699
379000488,395,302,15.0,동신아파트,내서읍,128.5135482,35.25109144
379000489,1079,748,32.0,KT동마산지점,구암동,128.5978164,35.25005349
379000491,224,150,6.0,중리현대아파트,내서읍,128.5212192,35.25078944
379000493,31,26,1.0,명서초등학교(가로변),명서동,128.641231,35.24922637
379000495,125,91,4.0,명서초등학교,명서동,128.6424087,35.24892358
379000496,398,306,15.0,동신아파트,내서읍,128.5136388,35.25076149
379000497,225,149,6.0,중리현대아파트,내서읍,128.5217323,35.25061978
379000498,202,146,7.0,차룡단지,팔용동,128.6077662,35.24942944
379000499,205,149,8.0,차룡단지,팔용동,128.6081181,35.24951773
379000500,125,91,4.0,명서1동,명서동,128.6487532,35.24866236
379000501,126,92,4.0,명서1동,명서동,128.6488812,35.24858143
379000502,1087,753,33.0,구암동육교,구암동,128.5947137,35.24875251
379000504,202,146,7.0,청소년복지회관.창신대학,구암동,128.6017678,35.24905689
379000505,191,148,7.0,석보아파트,구암동,128.5907152,35.24917144
379000506,205,149,8.0,청소년복지회관.창신대학,구암동,128.601015,35.24876592
379000509,314,251,9.0,구암동현대상가,구암동,128.5917209,35.24871031
379000510,239,168,8.0,구암2동행정복지센터,구암동,128.5982382,35.24864244
379000512,481,299,9.0,평산사거리,팔용동,128.6169916,35.24843791
379000514,242,171,9.0,창신대학교입구,구암동,128.5984063,35.24845967
379000515,178,137,7.0,중리역,내서읍,128.5183592,35.24946144
379000516,222,182,4.0,장애인복지회관,사림동,128.6779716,35.24728131
379000520,173,134,7.0,중리역,내서읍,128.5180837,35.24931682
379000521,148,121,4.0,봉곡상가,봉곡동,128.6702932,35.24718743
379000524,226,184,4.0,장애인복지회관,사림동,128.6783515,35.24693447
379000525,485,299,10.0,평산사거리,팔용동,128.6175428,35.24770066
379000526,115,97,2.0,코오롱APT 앞,봉곡동,128.6552719,35.24713908
379000527,117,98,2.0,코오롱APT 앞,봉곡동,128.6560101,35.24707997
379000530,435,332,16.0,청아병원,내서읍,128.5110073,35.24884538
379000531,117,98,2.0,상북초교후문,봉곡동,128.651375,35.24708585
379000532,205,152,8.0,내서우체국,내서읍,128.5177252,35.24876444
379000535,197,145,8.0,내서우체국,내서읍,128.5179389,35.24859528
379000536,148,121,4.0,봉곡중학교,봉곡동,128.6630152,35.24670643
379000537,186,155,3.0,경남대표도서관입구,사림동,128.6799422,35.24646417
379000539,614,434,19.0,중리삼거리,내서읍,128.5241413,35.24845886
379000540,438,336,16.0,청아병원,내서읍,128.511238,35.2486862
379000542,601,426,19.0,중리삼거리,내서읍,128.5239122,35.24843344
379000543,210,163,5.0,상북초교정문,명서동,128.6507505,35.24659862
379000545,189,156,3.0,경남대표도서관,사림동,128.6804102,35.24607943
379000546,152,124,4.0,봉곡중학교,봉곡동,128.6628082,35.24626844
379000547,1213,857,32.0,구암동,구암동,128.5920785,35.24728401
379000548,250,199,4.0,까치아파트입구,봉곡동,128.6645089,35.24606506
379000553,214,171,8.0,마산롯데캐슬동문,합성동,128.5889612,35.24700843
379000554,440,338,9.0,봉곡상가입구,봉곡동,128.67087,35.24584842
379000555,186,155,3.0,봉림중학교,봉곡동,128.6748222,35.24583943
379000556,22,22,2.0,정명사,두척동,128.5478462,35.2473272
379000557,189,156,3.0,봉림중학교,사림동,128.6749672,35.24572244
379000558,1217,861,37.0,구암동,구암동,128.5918093,35.24680313
379000559,21,21,2.0,정명사,두척동,128.5476667,35.24729314
379000560,256,203,4.0,까치아파트입구,반지동,128.6642455,35.24571563
379000561,205,149,8.0,구암고등학교,구암동,128.5947068,35.24651911
379000562,441,339,9.0,대동그린코아,봉곡동,128.6711111,35.24547473
379000565,186,155,3.0,사격장입구,사림동,128.6830824,35.24515772
379000566,263,201,10.0,구암고등학교,구암동,128.5939782,35.24629644
379000567,189,156,3.0,사격장입구,사림동,128.6831562,35.24492343
379000568,364,287,7.0,장애인복지회관입구,봉곡동,128.6735972,35.24496023
379000570,176,131,4.0,장애인복지회관입구,봉곡동,128.6732432,35.2447727
379000573,565,443,12.0,지귀상가,봉곡동,128.6594371,35.24477751
379000574,1187,834,35.0,복음요양병원,합성동,128.5894545,35.24553815
379000575,562,442,12.0,지귀상가,반지동,128.6596975,35.24454785
379000576,210,163,5.0,봉곡동상가입구,명서동,128.6490254,35.24458602
379000577,178,132,4.0,사림동,사림동,128.6758172,35.24423952
379000579,481,299,9.0,팔룡119안전센터,팔용동,128.6233388,35.24480876
379000580,118,89,2.0,까치아파트,반지동,128.6656941,35.24435015
379000581,118,89,2.0,까치아파트,반지동,128.6654794,35.24423123
379000582,205,152,8.0,로봇산업진흥재단,내서읍,128.5140242,35.24615744
379000583,176,131,4.0,사림동,사림동,128.6758781,35.24391763
379000584,87,73,1.0,봉곡동상가입구,봉곡동,128.6489546,35.24424875
379000585,197,145,8.0,로봇산업진흥재단,내서읍,128.5140037,35.24583209
379000586,374,295,8.0,유목교,봉곡동,128.6560128,35.24388893
379000587,126,92,4.0,명서동허앤리병원(가로변),명서동,128.6479551,35.24393747
379000588,395,302,15.0,내서중학교,내서읍,128.508754,35.24631984
379000589,1226,859,35.0,덕재.롯데캐슬,합성동,128.5875128,35.24483093
379000591,528,398,12.0,창원대학교종점,퇴촌동,128.6915933,35.24330606
379000593,22,22,2.0,송정마을,두척동,128.5510418,35.24503377
379000594,485,299,10.0,팔룡119안전센터,팔용동,128.6239615,35.24404912
379000595,559,389,17.0,구슬골,내서읍,128.5282542,35.24522344
379000596,21,21,2.0,송정마을,두척동,128.5509893,35.24488409
379000597,398,306,15.0,내서중학교,내서읍,128.5089331,35.24602623
379000598,226,184,4.0,사림동농협,사림동,128.6854102,35.24302744
379000600,222,182,4.0,사림동농협,사림동,128.6855129,35.24323199
379000601,1287,915,38.0,덕재.롯데캐슬,합성동,128.5872821,35.2441913
379000602,218,156,5.0,창원의집입구,사림동,128.6807386,35.24265281
379000603,450,346,10.0,농협하나로클럽,봉곡동,128.6532093,35.24292024
379000604,237,175,9.0,용마정비,내서읍,128.5118211,35.24404105
379000605,546,381,17.0,구슬골,내서읍,128.5290676,35.24447614
379000606,481,299,9.0,차룡사거리,팔용동,128.6263182,35.24317944
379000608,245,182,9.0,용마정비,내서읍,128.5121251,35.24473658
379000610,481,360,10.0,창원대학교입구,사림동,128.690046,35.24225663
379000611,215,155,5.0,창원의집입구,반림동,128.6811025,35.24221533
379000612,483,362,10.0,창원대학교입구,사림동,128.6902507,35.24209118
379000613,300,223,11.0,삼성창원병원,구암동,128.5911962,35.24344644
379000614,445,344,10.0,농협하나로클럽,봉곡동,128.6530763,35.24255802
379000615,485,299,10.0,차룡사거리,팔용동,128.6260183,35.24283504
379000617,7,7,1.0,아랫구슬골,내서읍,128.5286229,35.24385319
379000619,259,178,6.0,창원대삼거리,사림동,128.6847949,35.24175676
379000620,257,178,6.0,창원대삼거리,사림동,128.6851291,35.24177861
379000621,485,358,10.0,우영프라자,사림동,128.6878827,35.24148128
379000622,6,6,1.0,아랫구슬골,내서읍,128.5290703,35.24352149
379000623,162,119,4.0,사림민원센터,용호동,128.6814845,35.24151593
379000625,21,21,2.0,송정,두척동,128.5520384,35.24318612
379000626,242,171,9.0,삼성창원병원,합성동,128.5910482,35.24263644
379000627,159,117,4.0,사림민원센터,용호동,128.6815527,35.24132848
379000629,22,22,2.0,송정,두척동,128.5522405,35.24309119
379000630,123,96,3.0,반지사거리,반지동,128.6611672,35.24239932
379000631,119,94,3.0,반지사거리,반지동,128.6616882,35.24132643
379000632,75,60,2.0,시티7(가로변),반지동,128.6533388,35.24121646
379000635,7,7,1.0,윗구슬골마을,내서읍,128.5328532,35.24244043
379000636,154,131,5.0,용호어린이공원,용호동,128.6839104,35.24045031
379000637,546,381,17.0,마재고개,두척동,128.5369503,35.24171176
379000638,1309,922,37.0,합성동,합성동,128.5846712,35.24141101
379000639,6,6,1.0,윗구슬골마을,내서읍,128.5331543,35.24215666
379000640,22,22,2.0,아래송정,미상,128.5537227,35.24127294
379000641,559,389,17.0,마재고개,두척동,128.5369682,35.24189244
379000642,1347,955,39.0,합성동,합성동,128.5850253,35.24130668
379000643,410,314,15.0,장미아파트,내서읍,128.5051436,35.24161434
379000644,435,332,16.0,장미아파트,내서읍,128.5052244,35.24215139
379000645,21,21,2.0,아래송정,두척동,128.5535954,35.2412205
379000646,123,96,3.0,반지민원센터,반지동,128.6648532,35.23975044
379000647,119,94,3.0,반지민원센터,반지동,128.6645272,35.23970443
379000648,58,40,1.0,럭키상가,반지동,128.6661079,35.23951125
379000649,193,158,6.0,도민의집삼거리,사림동,128.6859259,35.23937242
379000650,118,89,2.0,럭키상가,반림동,128.6663329,35.23954879
379000651,455,356,19.0,농업기술센터,명서동,128.6492866,35.23951394
379000653,457,357,19.0,농업기술센터,명서동,128.6487661,35.23935438
379000654,237,175,9.0,내서119안전센터,내서읍,128.5100703,35.24117981
379000655,299,219,5.0,도립미술관,사림동,128.6899685,35.23885483
379000656,302,221,5.0,도립미술관,사림동,128.6892302,35.23833674
379000660,436,272,7.0,창원스마트업파크,팔용동,128.6328193,35.23937994
379000661,159,120,4.0,마산시외버스터미널,합성동,128.5834082,35.23981443
379000665,245,182,9.0,내서119안전센터,내서읍,128.5091749,35.24019543
379000666,157,134,5.0,도청사거리,사림동,128.687972,35.23789861
379000667,154,131,5.0,도청사거리,용호동,128.6877522,35.23771204
379000668,280,209,6.0,럭키아파트,반림동,128.6681742,35.23785743
379000671,1150,802,33.0,마산시외버스터미널,합성동,128.5826278,35.23880033
379000672,276,207,6.0,럭키아파트,반림동,128.6682044,35.23762941
379000673,155,104,3.0,운동장사거리,반지동,128.6648924,35.2375576
379000674,407,252,7.0,유남주유소,팔용동,128.6345192,35.23799647
379000678,155,104,3.0,운동장사거리,반림동,128.6650093,35.23735876
379000679,228,197,8.0,한국농어촌공사경남지역본부,용호동,128.6879168,35.23674134
379000680,159,117,4.0,일동아파트,용호동,128.6777065,35.23694553
379000682,227,197,8.0,한국농어촌공사경남지역본부,용호동,128.6880188,35.23653639
379000683,32,32,1.0,팔룡가구거리,팔용동,128.6335075,35.23738879
379000686,162,119,4.0,반림현대산업아파트,용호동,128.6772916,35.23667654
379000688,457,357,19.0,파티마병원,명서동,128.646896,35.23701882
379000689,131,107,3.0,창원공고.파티마병원,팔용동,128.6445201,35.23676741
379000690,1228,834,37.0,마산시외버스터미널,합성동,128.5823601,35.23786109
379000691,56,15,3.0,합성동농협,양덕동,128.5847172,35.23751543
379000692,93,76,3.0,종합터미널,팔용동,128.6393206,35.2373489
379000693,280,209,6.0,교통문화연수원,반림동,128.6715575,35.23626482
379000694,280,209,6.0,반림현대건설아파트,반림동,128.6744651,35.23616833
379000695,205,149,8.0,마산동부경찰서,합성동,128.5891902,35.23729043
379000696,276,207,6.0,반송시장.아이필상가,반림동,128.6718793,35.23611981
379000698,240,178,9.0,마산동부경찰서,합성동,128.5889771,35.23802807
379000700,276,207,6.0,반송여중,반림동,128.6743718,35.23602716
379000701,406,307,10.0,경남도청,사림동,128.6916432,35.23569746
379000704,175,136,5.0,마산시외버스터미널,합성동,128.5818197,35.23721924
379000705,340,246,8.0,경남도청/통계청,신월동,128.691677,35.2353186
379000706,58,40,1.0,노블파크아파트(가로변),반림동,128.6655423,35.23568942
379000708,606,426,19.0,내서초등학교,두척동,128.5468,35.23709317
379000709,592,417,19.0,내서초등학교,두척동,128.5468785,35.2368572
379000711,6,6,1.0,안계종점,내서읍,128.4867552,35.23763595
379000712,1150,802,33.0,마산역,석전동,128.5807282,35.23636743
379000713,6,6,1.0,안계종점,내서읍,128.4871762,35.23721761
379000715,546,364,11.0,창원종합터미널,차용동,128.6392231,35.23576717
379000716,67,47,1.0,양덕1동,합성동,128.5879632,35.23598343
379000717,324,249,16.0,창원공고.파티마병원,명서동,128.6457309,35.23514788
379000718,56,15,3.0,양덕1동,양덕동,128.5882082,35.23570244
379000720,22,22,2.0,교도소,회성동,128.5589358,35.2360575
379000721,21,21,2.0,교도소,회성동,128.558855,35.23595848
379000722,228,197,8.0,롯데아파트,용호동,128.6857184,35.23413194
379000724,159,106,4.0,포레나대원아파트,대원동,128.6503788,35.23489908
379000725,153,121,15.0,마산역종점,석전동,128.5778558,35.23551947
379000726,158,105,4.0,포레나대원아파트,대원동,128.6497309,35.23531346
379000727,184,155,6.0,병무청,신월동,128.691609,35.23404584
379000728,467,297,9.0,창원종합터미널,차용동,128.6385049,35.23573018
379000729,566,396,18.0,약수터가든,두척동,128.5517112,35.23567836
379000730,187,159,6.0,병무청,신월동,128.6915618,35.23368651
379000731,327,215,18.0,마산역,석전동,128.5802572,35.23517543
379000732,552,387,18.0,약수터가든,두척동,128.5520439,35.23532399
379000733,242,171,9.0,서안양덕타운,양덕동,128.5885662,35.23489643
379000734,158,105,4.0,대원로,대원동,128.6539786,35.23163482
379000735,333,215,13.0,서안양덕타운,양덕동,128.5882252,35.23493966
379000736,159,106,4.0,대원로,대원동,128.6537929,35.23168692
379000737,379,268,19.0,창원문성대학교,중앙동,128.6625055,35.2339001
379000738,227,197,8.0,롯데아파트,용호동,128.6853267,35.23337912
379000739,405,282,8.0,홈플러스,명서동,128.6444291,35.2339729
379000740,205,152,8.0,크라운제과,내서읍,128.5065712,35.23561743
379000741,390,267,20.0,창원문성대학교,대원동,128.6619248,35.23346683
379000743,435,332,16.0,더푸른아파트,내서읍,128.5041732,35.23517643
379000744,566,396,18.0,한효국화맨션,회성동,128.5568914,35.23422282
379000746,438,336,16.0,더푸른아파트,내서읍,128.5044922,35.23480943
379000748,417,351,30.0,양덕동,양덕동,128.5813332,35.23362543
379000749,552,387,18.0,한효국화맨션,회성동,128.5579704,35.23387863
379000750,272,196,9.0,양덕초등학교,양덕동,128.5874334,35.23340459
379000751,296,193,12.0,양덕초등학교,양덕동,128.5871982,35.23346977
379000752,1080,762,26.0,마산역.동마산병원,석전동,128.5785156,35.23353866
379000754,643,463,22.0,회성동행정복지센터/합포여중,회성동,128.561141,35.23362342
379000757,362,299,27.0,양덕동,양덕동,128.5815852,35.23321143
379000758,628,453,22.0,회성동행정복지센터/합포여중,회성동,128.5612438,35.23341969
379000759,187,159,6.0,조달청,신월동,128.6896867,35.231488
379000761,190,144,4.0,토월공원.성산사회복지관,신월동,128.6947111,35.23145182
379000762,30,30,1.0,경남문화재연구원,팔용동,128.6364375,35.23198006
379000764,190,144,4.0,토월공원.성산사회복지관,사파동,128.6951296,35.23140566
379000765,32,32,1.0,경남문화재연구원,팔용동,128.6365369,35.23180144
379000766,130,101,4.0,한국전력공사,신월동,128.6890436,35.23104563
379000767,159,106,4.0,대원초등학교,미상,128.6535767,35.23402179
379000768,158,105,4.0,대원초등학교,미상,128.6536384,35.23422372
379000769,54,54,2.0,한국전력공사,신월동,128.6898487,35.2307158
379000770,407,270,12.0,보문주유소,회성동,128.5654754,35.23238332
379000771,255,202,9.0,롯데마트,내서읍,128.5045121,35.23311519
379000772,175,144,8.0,서마산IC(사거리),회성동,128.5644388,35.23226378
379000773,237,175,9.0,원계,내서읍,128.5065296,35.23314724
379000774,245,182,9.0,원계,내서읍,128.506136,35.23299976
379000775,398,264,12.0,보문주유소,회성동,128.5658387,35.23201709
379000776,438,336,16.0,롯데마트,내서읍,128.5048467,35.23289998
379000778,309,218,10.0,양덕1동행정복지센터,양덕동,128.5862812,35.23174443
379000779,333,215,13.0,양덕1동행정복지센터,양덕동,128.5859714,35.23179682
379000780,30,30,1.0,창원농산물도매시장,차용동,128.6384513,35.230936
379000781,227,168,13.0,창원자동차검사소,덕정동,128.6479801,35.23074469
379000782,226,168,13.0,창원자동차검사소,덕정동,128.6471482,35.23079473
379000783,181,148,8.0,회성동우체국,회성동,128.5653502,35.23166443
379000784,447,300,13.0,북성초등학교,석전동,128.5680692,35.23151829
379000785,335,289,28.0,한일타운,양덕동,128.5838593,35.23141519
379000786,362,299,27.0,한일타운,양덕동,128.5836482,35.23121143
379000788,438,294,13.0,북성초등학교,석전동,128.5680968,35.23129866
379000789,80,68,3.0,삼계,내서읍,128.503596,35.23213943
379000791,33,33,2.0,삼계,내서읍,128.5042401,35.23196957
379000792,227,197,8.0,성산아트홀,용호동,128.6820879,35.22958194
379000793,145,109,5.0,삼계우체국,내서읍,128.5004719,35.23191639
379000796,32,32,1.0,창원농산물도매시장,팔용동,128.6383669,35.23079222
379000797,143,96,3.0,늘푸른전당,삼동동,128.6538312,35.22980643
379000798,144,97,3.0,늘푸른전당,삼동동,128.6535354,35.2297923
379000799,139,106,5.0,삼계우체국,내서읍,128.5000775,35.23170937
379000800,140,107,5.0,안계초등학교,내서읍,128.4944479,35.23189559
379000801,145,109,5.0,삼계숲속마을아파트,내서읍,128.4975072,35.23173377
379000802,228,197,8.0,성산아트홀,용호동,128.6815668,35.22925557
379000803,175,144,8.0,회성동우체국,회성동,128.5660222,35.23081643
379000804,139,106,5.0,안계초등학교,내서읍,128.4944561,35.23165962
379000805,139,106,5.0,삼계숲속마을아파트,내서읍,128.4974468,35.23152062
379000806,262,195,6.0,창원시립테니스장입구,사파동,128.6963808,35.22891157
379000807,1080,762,26.0,마산우체국,석전동,128.5762928,35.23061611
379000809,1128,766,28.0,경남은행본점,석전동,128.5767179,35.23061781
379000810,152,107,4.0,삼계대동아파트,내서읍,128.501801,35.23095945
379000811,263,196,6.0,창원시립테니스장입구,신월동,128.6962522,35.22854243
379000813,157,110,4.0,삼계대동아파트,내서읍,128.5019462,35.23077143
379000815,54,54,2.0,신월민원센터,신월동,128.6923059,35.2281842
379000816,56,56,2.0,신월민원센터,신월동,128.6927662,35.22798643
379000817,667,492,39.0,타워맨션,양덕동,128.5851675,35.22939883
379000818,453,309,14.0,메트로시티석전,석전동,128.5726512,35.22941043
379000819,39,36,2.0,창원중부경찰서,신월동,128.6862128,35.22770415
379000820,131,103,4.0,창원중부경찰서,신월동,128.6865323,35.22778301
379000821,236,134,6.0,창원시청(가로변),중앙동,128.6792316,35.2279278
379000822,462,315,14.0,메트로시티석전,석전동,128.573962,35.2291736
379000823,143,96,3.0,충혼탑,삼동동,128.6570952,35.22793343
379000825,175,144,8.0,서마산시장,석전동,128.5683559,35.22864907
379000827,381,260,19.0,충혼탑,중앙동,128.6583238,35.2277904
379000828,631,500,38.0,타워맨션,양덕동,128.5861293,35.22874851
379000829,181,148,8.0,서마산시장,석전동,128.5683937,35.22884979
379000830,115,84,3.0,은아아파트후문,신월동,128.6865519,35.22707826
379000831,116,85,3.0,불지사,신월동,128.6869019,35.22709558
379000835,299,228,7.0,시청정문,용호동,128.682374,35.2275036
379000836,295,209,19.0,충혼탑,삼동동,128.6574312,35.22715943
379000837,233,182,7.0,한우리아파트,내서읍,128.5054326,35.2291242
379000839,237,185,7.0,한우리아파트,내서읍,128.5051002,35.22873543
379000840,444,334,32.0,양덕광장교차로,양덕동,128.5869178,35.22730881
379000841,317,250,8.0,검찰청,사파동,128.6979892,35.2260625
379000843,227,168,13.0,삼동.대원대동1차,삼동동,128.6555832,35.22645443
379000844,318,251,8.0,검찰청,사파동,128.698655,35.22574398
379000845,226,168,13.0,삼동.대원대동1차,삼동동,128.6550268,35.22628227
379000846,54,54,2.0,신월동,신월동,128.6957282,35.2256598
379000847,56,56,2.0,신월동,신월동,128.6959559,35.22571655
379000848,621,441,15.0,석전동,석전동,128.5741788,35.22731232
379000849,116,85,3.0,신월아파트,신월동,128.6896722,35.22551343
379000850,115,84,3.0,신월아파트,신월동,128.6897532,35.22524243
379000853,386,287,9.0,석전동,석전동,128.5731882,35.22661843
379000854,173,123,6.0,정우맨션,양덕동,128.5892213,35.22633431
379000855,171,121,5.0,정우맨션,양덕동,128.5889766,35.22624846
379000857,202,139,7.0,대원파크빌아파트,내동,128.6556283,35.22491724
379000858,179,108,7.0,월드메르디앙아파트,내동,128.6559177,35.22490546
379000860,116,85,3.0,신월주공아파트,신월동,128.6916955,35.22436412
379000861,354,204,9.0,중앙동,중앙동,128.677381,35.22431796
379000864,345,203,8.0,중앙동,중앙동,128.6775482,35.22422143
379000865,115,84,3.0,신월주공아파트,신월동,128.6920842,35.22392143
379000867,378,317,29.0,양덕광장교차로,양덕동,128.5874688,35.22510057
379000868,63,44,3.0,수협경남금융본부,상남동,128.6824166,35.22324998
379000869,237,185,7.0,이미지아파트입구,내서읍,128.5045027,35.22609495
379000870,318,251,8.0,창원축구센터.법원,사파동,128.7003512,35.22337819
379000871,63,45,3.0,수협경남금융본부,상남동,128.6830257,35.22366235
379000872,293,226,7.0,창원축구센터.법원,사파동,128.6999664,35.22329942
379000873,344,246,10.0,문화방송,양덕동,128.5795109,35.22485431
379000876,214,126,5.0,올림픽공원,중앙동,128.6604682,35.22366143
379000879,431,326,12.0,석전사거리,석전동,128.5709592,35.22459343
379000880,218,133,6.0,목련아파트,삼동동,128.6601032,35.22332643
379000882,439,331,12.0,석전사거리,회원동,128.5711982,35.22429743
379000884,173,123,6.0,대림아파트,양덕동,128.5911579,35.22393311
379000886,171,121,5.0,대림아파트,양덕동,128.5912559,35.2234461
379000887,85,59,2.0,사파대동아파트,사파동,128.6951232,35.22201143
379000889,85,59,2.0,사파대동아파트,사파동,128.6958122,35.22177543
379000890,250,146,7.0,중앙동행정복지센터,중앙동,128.6752092,35.22180943
379000891,106,58,2.0,국민은행,상남동,128.6803582,35.22154643
379000892,104,58,2.0,우리은행,상남동,128.6800822,35.22149843
379000893,220,174,5.0,사파동,사파동,128.7008441,35.2212467
379000894,76,60,3.0,무지개아파트,회원동,128.5684442,35.22294543
379000895,222,176,5.0,사파동,사파동,128.7012886,35.22107805
379000897,77,61,3.0,무지개아파트,회원동,128.5687165,35.22274829
379000899,310,207,9.0,야구장앞홈플러스,양덕동,128.585269,35.22232864
379000900,431,326,32.0,고속버스터미널,양덕동,128.5871527,35.22224954
379000901,81,75,3.0,대동이미지아파트,내서읍,128.502711,35.22327452
379000902,80,75,3.0,대동이미지아파트,내서읍,128.5025123,35.22326215
379000903,421,286,11.0,야구장앞홈플러스,산호동,128.5849428,35.22221478
379000904,371,258,10.0,무학여고,회원동,128.5735855,35.22243691
379000905,393,332,30.0,고속버스터미널,양덕동,128.587365,35.22226575
379000906,173,123,6.0,봉덕초등학교,양덕동,128.5929463,35.22220884
379000907,171,121,5.0,봉덕초등학교,양덕동,128.5928506,35.2219321
379000908,249,145,7.0,중앙동행정복지센터,중앙동,128.6745136,35.22065795
379000909,476,359,13.0,국제주유소,회원동,128.5710904,35.22228848
379000910,213,164,5.0,창원NC파크.마산회원구청,양덕동,128.5838174,35.22174804
379000912,417,297,12.0,자유무역지역후문,양덕동,128.5915099,35.22150771
379000913,85,59,2.0,사파초등학교,사파동,128.6980272,35.21998943
379000914,361,254,9.0,무학여고,회원동,128.5734731,35.22168028
379000915,76,60,3.0,노인병원,회원동,128.5646531,35.22171122
379000916,173,114,7.0,셰플러코리아,내동,128.6522214,35.22052906
379000917,214,126,5.0,한국폴리텍7대학,내동,128.6662103,35.22033682
379000918,453,299,14.0,자유무역지역후문,양덕동,128.59076,35.22128643
379000919,31,26,1.0,대동백화점(가로변),사파동,128.692468,35.21980584
379000920,166,115,6.0,셰플러코리아,내동,128.6518362,35.22042199
379000924,255,167,6.0,창원NC파크.마산회원구청,산호동,128.5834955,35.22115559
379000925,77,61,3.0,노인병원,회원동,128.5647407,35.2214637
379000926,395,285,10.0,봉암동,봉암동,128.5956308,35.2210405
379000927,167,113,5.0,경창상가,상남동,128.6796451,35.21990836
379000928,218,133,6.0,한국폴리텍7대학,내동,128.6657587,35.22016765
379000931,169,114,5.0,경창상가,상남동,128.6796226,35.21960268
379000933,429,285,11.0,봉암동,봉암동,128.5958915,35.2206786
379000934,264,170,5.0,사파초등학교,사파동,128.6985882,35.21930543
379000935,467,353,13.0,국제주유소,회원동,128.5707652,35.22081443
379000938,76,60,3.0,마산여중,회원동,128.5618842,35.22070343
379000940,265,170,5.0,상남교회,사파동,128.7014442,35.21867755
379000945,294,227,7.0,사파동성아파트,사파정동,128.7023822,35.21833943
379000946,557,396,12.0,사파동성아파트,사파정동,128.7019847,35.21822611
379000948,158,99,4.0,상남대우아파트,상남동,128.6807132,35.21852643
379000949,180,111,3.0,사파삼익1차아파트,사파동,128.6960349,35.21832492
379000950,156,99,4.0,상남대우아파트,상남동,128.6805624,35.2184253
379000951,760,579,43.0,신세계백화점,산호동,128.5870619,35.21887471
379000952,210,164,4.0,산호시장입구,산호동,128.5817056,35.21969057
379000953,179,111,3.0,사파삼익1차아파트,사파동,128.6959144,35.2180131
379000954,395,285,10.0,봉암공단 입구,봉암동,128.6000532,35.21933543
379000955,759,587,43.0,신세계백화점,산호동,128.5871657,35.21959548
379000956,476,359,13.0,동중입구,회원동,128.5708317,35.21960534
379000957,110,76,2.0,중앙체육공원,중앙동,128.6738091,35.21818741
379000958,77,61,3.0,마산여중,회원동,128.5614782,35.21964243
379000959,140,70,5.0,창원병원,중앙동,128.6730425,35.21922026
379000960,252,167,5.0,산호시장입구,산호동,128.5814862,35.21916743
379000961,180,111,3.0,사파삼익아파트(가로변),사파동,128.6939911,35.21756757
379000962,371,258,10.0,회원1동,회원동,128.5747426,35.2192542
379000964,225,140,6.0,창원병원,외동,128.670417,35.21793028
379000966,391,285,10.0,봉암공단 입구,봉암동,128.6010381,35.21873251
379000967,249,145,7.0,창원병원,중앙동,128.6720982,35.21774543
379000971,361,254,9.0,회원1동,회원동,128.5745036,35.21891053
379000972,81,75,3.0,삼계성당법륜사,내서읍,128.5017292,35.21984703
379000973,80,75,3.0,삼계성당법륜사,내서읍,128.5016146,35.21980725
379000974,164,111,5.0,창원병원,외동,128.6704202,35.21746775
379000976,74,50,2.0,회원초등학교,회원동,128.5679636,35.21879043
379000977,150,110,5.0,삼학사,회원동,128.560853,35.2186309
379000978,128,99,3.0,회원초등학교,회원동,128.5671412,35.21848343
379000980,110,77,3.0,회원2동파출소,회원동,128.5638082,35.21866943
379000981,382,297,12.0,동중입구,회원동,128.5705432,35.21845943
379000983,128,99,3.0,회원신협,회원동,128.5649448,35.21843263
379000985,156,99,4.0,외동초등학교,상남동,128.6821283,35.21690156
379000986,344,246,8.0,수원지입구,봉암동,128.6050208,35.21789929
379000987,158,99,4.0,외동초등학교,상남동,128.6823582,35.21680543
379000989,340,246,8.0,수원지입구.정다운병원,봉암동,128.604899,35.21765594
379000991,81,40,4.0,내동민원센터,내동,128.6705552,35.21632743
379000992,80,40,4.0,내동민원센터,외동,128.6708502,35.21630343
379000993,395,285,10.0,자유무역지역2공구,봉암동,128.6081158,35.21709844
379000994,11,15,1.0,대호타워아파트,상남동,128.6775706,35.21714366
379000995,216,135,4.0,성원3차APT.노인종합복지관,대방동,128.7058056,35.21568401
379000997,252,167,5.0,여성회관,산호동,128.5795445,35.21730598
379000998,391,285,10.0,자유무역지역2공구,봉암동,128.6083271,35.21674097
379000999,215,135,4.0,성원3차APT.노인종합복지관,대방동,128.7058828,35.21549171
379001000,210,164,4.0,여성회관,산호동,128.5790712,35.21710643
379001001,11,14,1.0,대호타워아파트,상남동,128.677278,35.21718626
379001002,216,135,4.0,사파동행정복지센터,대방동,128.7089232,35.21525343
379001003,98,82,4.0,삼학사.경남은행연수원,회원동,128.5609225,35.21656301
379001005,274,196,8.0,세원셀론텍.영흥철강,신촌동,128.6452682,35.21602443
379001006,215,135,4.0,사파동행정복지센터,대방동,128.7089155,35.21468846
379001007,312,195,12.0,세원셀론텍.영흥철강,신촌동,128.6453142,35.21574743
379001008,107,78,2.0,롯데캐슬프리미어아파트,회원동,128.564477,35.21608903
379001010,343,262,8.0,성원3차APT.노인종합복지관,사파정동,128.7048219,35.21480821
379001011,395,285,10.0,서광아파트,봉암동,128.611817,35.21611587
379001012,156,99,4.0,상남꿈에그린아파트,상남동,128.6817502,35.21508143
379001013,391,285,10.0,서광아파트,봉암동,128.6113585,35.21593971
379001014,158,99,4.0,상남꿈에그린아파트,상남동,128.6819772,35.21503343
379001015,342,261,8.0,남양동성APT.노인종합복지관,사파정동,128.704464,35.21465658
379001016,288,195,8.0,버스회관,회원동,128.5757787,35.21647022
379001017,382,297,12.0,회산교,회원동,128.5703392,35.21647943
379001018,186,137,6.0,경남은행연수원,회원동,128.5606437,35.21649553
379001020,230,150,5.0,재료연구원,외동,128.676145,35.21464504
379001021,373,281,12.0,회산교,상남동,128.5705372,35.21595843
379001022,278,191,7.0,버스회관,회원동,128.5756138,35.21595904
379001023,276,171,11.0,창곡입구,신촌동,128.6429312,35.21491143
379001024,238,172,7.0,창곡입구,신촌동,128.6420587,35.21491008
379001028,82,57,2.0,효성중공업,웅남동,128.6508685,35.21408635
379001029,395,285,10.0,봉암교,봉암동,128.6152394,35.21450526
379001030,343,262,8.0,대방덕산아파트,대방동,128.7053084,35.21296615
379001031,760,579,43.0,산호동,산호동,128.5865546,35.21463367
379001033,391,285,10.0,봉암교,봉암동,128.6158572,35.2142289
379001034,103,57,4.0,효성중공업,웅남동,128.6507344,35.21386629
379001036,76,35,3.0,지성큐엔텍,내동,128.6680352,35.21331758
379001037,342,261,8.0,남양성원2차아파트,대방동,128.7049846,35.21288144
379001038,759,587,43.0,산호동,산호동,128.5866928,35.21448604
379001039,75,35,3.0,지성큐엔텍,외동,128.6682989,35.21334216
379001040,226,150,5.0,창원남중,외동,128.6780886,35.21311768
379001041,312,195,12.0,한국철강,신촌동,128.6383752,35.21328743
379001042,216,135,4.0,대방대동아파트,대방동,128.71027,35.21193425
379001043,81,75,3.0,전안마을,내서읍,128.5053494,35.21500253
379001044,274,196,8.0,한국철강,신촌동,128.6374864,35.21325287
379001045,215,135,4.0,대방대동아파트,대방동,128.7098832,35.21221043
379001047,205,160,6.0,마산성로원,교방동,128.5622032,35.21373911
379001048,488,355,11.0,육호광장,상남동,128.5760412,35.21352743
379001049,267,172,6.0,창원남중,상남동,128.6806342,35.21214043
379001051,402,308,16.0,남양성원2차아파트,남양동,128.7046812,35.21163742
379001053,373,281,12.0,노비산입구,상남동,128.5713262,35.21341643
379001054,186,137,6.0,마산성로원,교방동,128.5620032,35.21349203
379001056,601,442,20.0,남양개나리3차아파트,대방동,128.7054671,35.21116602
379001057,247,180,5.0,대방초등학교,대방동,128.7058159,35.21115925
379001058,337,263,15.0,남양성원1차아파트,남양동,128.7015622,35.21089043
379001060,134,80,3.0,창원남중,가음정동,128.6816882,35.21153343
379001062,274,196,8.0,한화엔진.피케이벨브,신촌동,128.6335711,35.21193633
379001063,351,274,16.0,피오르빌아파트,남양동,128.7019782,35.21087302
379001065,686,541,41.0,합포동,산호동,128.5859205,35.21253065
379001066,540,362,13.0,육호광장,상남동,128.5761462,35.21260843
379001067,312,195,12.0,한화엔진.피케이벨브,신촌동,128.6338485,35.21174866
379001068,687,533,41.0,합포동,산호동,128.5856289,35.21248075
379001071,371,233,8.0,S&amp;T중공업,가음정동,128.6814958,35.21113761
379001072,382,297,12.0,합포주유소,상남동,128.5715602,35.21234343
379001073,179,111,3.0,안남초등학교,대방동,128.7105642,35.21041043
379001074,82,57,2.0,세아제강,웅남동,128.6564132,35.21089843
379001075,36,30,2.0,적현,양곡동,128.6165144,35.21132796
379001076,796,599,24.0,남양초등학교,남양동,128.6991202,35.21023343
379001077,115,57,5.0,세아제강,웅남동,128.6565186,35.21054247
379001080,36,30,2.0,적현,양곡동,128.6164172,35.21114243
379001081,180,111,3.0,안남초등학교,대방동,128.7109467,35.20988134
379001082,811,611,25.0,더샵센트럴파크2단지,가음동,128.6990684,35.2100425
379001083,134,119,8.0,원불교교구청,상남동,128.5741943,35.21152479
379001085,154,136,10.0,원불교교구청,상남동,128.5741183,35.21134541
379001086,166,122,5.0,신촌삼거리,신촌동,128.6278948,35.21043691
379001088,205,160,6.0,서원곡입구,교방동,128.5632043,35.2114821
379001089,268,195,8.0,신촌삼거리,신촌동,128.6281948,35.21025591
379001092,52,47,3.0,의신여자중학교,교방동,128.5666102,35.21093843
379001093,34,26,3.0,의신여자중학교,교방동,128.5654042,35.21078443
379001095,291,209,7.0,북마산가구거리,중성동,128.5724139,35.21070617
379001096,34,26,3.0,교방동,교방동,128.5670669,35.2106736
379001098,462,344,11.0,더샵센트럴파크1단지,가음동,128.7004024,35.20897431
379001100,52,47,3.0,성호동,성호동,128.5699958,35.21044053
379001101,461,343,11.0,피오르빌아파트,남양동,128.7008648,35.20879739
379001102,638,470,21.0,남양동주택,대방동,128.706239,35.20835555
379001103,625,460,20.0,대방중학교,대방동,128.7066096,35.20832136
379001104,34,26,3.0,성호동,성호동,128.5701967,35.21031957
379001105,36,30,2.0,세아창원특수강정문,신촌동,128.6080672,35.20965443
379001106,371,233,8.0,소라아파트,가음정동,128.687179,35.20792343
379001107,841,647,45.0,자유무역지역정문,산호동,128.5833988,35.2099339
379001108,152,111,3.0,서원곡입구,교방동,128.5629685,35.21133362
379001109,216,135,4.0,대암고교,대방동,128.7105001,35.20788147
379001111,36,30,2.0,세아창원특수강정문,신촌동,128.6072534,35.20925855
379001112,215,135,4.0,대방황토방아파트,대방동,128.7102224,35.2078138
379001113,377,233,8.0,가음정본동,가음동,128.6875982,35.20813443
379001114,869,676,48.0,자유무역지역정문,산호동,128.5830333,35.20939656
379001118,187,131,5.0,영남주차장,중성동,128.5744488,35.20918596
379001120,262,187,5.0,북마산가구거리,추산동,128.5729481,35.20886154
379001121,436,337,14.0,삼성생명,중성동,128.5761165,35.20887387
379001124,69,40,3.0,남창원역,웅남동,128.6643827,35.2090387
379001125,105,74,3.0,웅남소방파출소,신촌동,128.6274162,35.20821443
379001127,108,74,3.0,웅남소방파출소,신촌동,128.6272147,35.20811601
379001128,415,316,11.0,유신상가,신촌동,128.6263341,35.20803794
379001129,80,40,4.0,남창원역,웅남동,128.6633832,35.20755243
379001134,445,345,14.0,삼성생명,오동동,128.5763874,35.20850425
379001136,414,317,11.0,유신상가,신촌동,128.6264119,35.20746813
379001137,105,70,5.0,남창원역,웅남동,128.6624191,35.20748313
379001138,168,113,3.0,영남주차장,중성동,128.5742395,35.2081898
379001139,768,601,43.0,오동교,오동동,128.5812524,35.20793769
379001140,36,30,2.0,남창원역,성산동,128.6632084,35.20672152
379001141,418,307,10.0,남산초등학교,가음동,128.7028262,35.20602543
379001142,87,53,2.0,대방동종점,미상,128.7047499,35.20322234
379001143,58,40,1.0,장유초등학교,미상,128.8107943,35.20418421
379001144,247,149,5.0,여성회관창원관,가음동,128.6995222,35.20571443
379001145,246,149,5.0,여성회관창원관,가음동,128.6992242,35.20575343
379001146,179,111,3.0,대방그린빌아파트,대방동,128.711372,35.20549953
379001147,36,30,2.0,세아창원특수강,신촌동,128.6048417,35.20696331
379001148,536,397,19.0,안남중학교,대방동,128.7067114,35.20559958
379001149,180,111,3.0,대방그린빌아파트,대방동,128.7117207,35.20535358
379001150,36,30,2.0,세아창원특수강,신촌동,128.6045032,35.20696113
379001151,58,40,1.0,장유초등학교,미상,128.8103532,35.20397242
379001152,58,40,1.0,코아상가,미상,128.809388,35.20412761
379001153,416,306,10.0,남산초등학교,남양동,128.7033702,35.20549043
379001154,524,388,18.0,안남중학교,대방동,128.7070517,35.20543302
379001156,58,40,1.0,대동1단지,미상,128.8142942,35.20368811
379001158,602,404,13.0,가음정사거리,가음정동,128.6926019,35.20526734
379001159,58,40,1.0,대동1단지,미상,128.8142103,35.20347016
379001161,227,189,13.0,오동동,오동동,128.580014,35.20648616
379001163,598,404,13.0,가음정사거리,가음정동,128.6926844,35.20475024
379001164,152,111,3.0,약수터,자산동,128.5619841,35.20659264
379001166,371,292,13.0,오동동문화광장,동성동,128.5765016,35.20645517
379001167,99,93,3.0,감천초등학교,내서읍,128.5153456,35.20643538
379001168,467,336,11.0,부림시장,부림동,128.5731025,35.20614674
379001170,98,93,3.0,감천초등학교,내서읍,128.5152621,35.20637334
379001171,477,340,11.0,부림시장,부림동,128.5733221,35.20614382
379001172,209,127,4.0,성주초등학교,가음동,128.6980602,35.20438643
379001173,768,601,43.0,오동동아구찜거리,오동동,128.5789415,35.20584827
379001174,229,141,5.0,남산중학교,가음동,128.6976482,35.20359002
379001175,380,300,13.0,오동동문화광장,동성동,128.5766894,35.20617693
379001176,175,135,4.0,약수터,자산동,128.5615467,35.20600495
379001179,58,40,1.0,장유석봉마을,미상,128.8088565,35.20258529
379001181,211,147,5.0,대방덕산2차아파트,대방동,128.7095729,35.20392533
379001183,574,411,19.0,대방동성아파트,남산동,128.7058173,35.20386069
379001187,226,159,6.0,성주프리빌리지아파트,대방동,128.7091482,35.20362243
379001188,58,40,1.0,장유고등학교,미상,128.8052277,35.20222576
379001189,415,305,10.0,대방동종점,가음동,128.7043162,35.20354943
379001190,625,460,20.0,대방동성아파트,남산동,128.7060051,35.20353206
379001194,67,38,1.0,대방동종점,남양동,128.7049373,35.20339318
379001195,400,301,10.0,신촌동성아파트,신촌동,128.6280903,35.20434304
379001196,514,346,10.0,남산동,남산동,128.6957247,35.20348216
379001197,36,30,2.0,세아창원특수강후문,신촌동,128.6013429,35.20448977
379001199,256,187,6.0,어시장,동성동,128.5777052,35.20480415
379001201,36,30,2.0,세아창원특수강후문,신촌동,128.6005094,35.20421205
379001202,234,169,6.0,삼정자중학교,성주동,128.7128046,35.20219366
379001203,399,302,10.0,신촌동성아파트,신촌동,128.6280722,35.20376843
379001205,18,18,1.0,신감삼거리,내서읍,128.5117733,35.20520253
379001208,18,18,1.0,신감삼거리,내서읍,128.5118134,35.20514345
379001209,99,93,3.0,감천마을회관,내서읍,128.5181775,35.20489708
379001211,36,30,2.0,LG산전,성산동,128.6703362,35.20291643
379001213,642,441,14.0,남산버스정류소,남산동,128.6971192,35.20216343
379001215,422,311,26.0,어시장,남성동,128.576147,35.20376445
379001216,58,40,1.0,장유농협,미상,128.8153563,35.20032082
379001217,302,280,27.0,어시장,남성동,128.5755969,35.20361709
379001218,459,322,10.0,KT마산점,서성동,128.5722024,35.20358937
379001219,895,667,33.0,어시장,남성동,128.5753465,35.20343987
379001220,666,455,15.0,남산공원환승센터,가음동,128.6979112,35.20225501
379001221,669,556,32.0,어시장,남성동,128.5755502,35.20334897
379001222,58,40,1.0,장유농협,미상,128.8151382,35.20017073
379001223,138,91,3.0,어시장,수성동,128.5747038,35.20300563
379001224,1442,1117,60.0,KT마산점,서성동,128.5708221,35.20299298
379001228,1122,897,56.0,KT마산점,서성동,128.5703212,35.20283824
379001230,36,30,2.0,제4부두입구,신촌동,128.5978492,35.20226744
379001231,591,405,12.0,대우1차아파트,남산동,128.6995216,35.20083124
379001232,36,30,2.0,제4부두입구,신촌동,128.5973546,35.20222014
379001233,415,316,11.0,양곡상가,신촌동,128.6285059,35.20187482
379001234,99,93,3.0,감천,내서읍,128.5193296,35.20323334
379001235,98,93,3.0,감천,내서읍,128.519238,35.20317816
379001237,414,317,11.0,양곡상가,신촌동,128.628489,35.20084764
379001238,28,22,1.0,현대모비스창원공장,성산동,128.6745646,35.20050978
379001239,19,14,1.0,삼성테크윈,남산동,128.688133,35.20023889
379001240,91,58,3.0,삼익맨션,신포동2가,128.5717549,35.2017671
379001241,96,64,4.0,삼익맨션,신포동2가,128.5715146,35.20178291
379001242,28,22,1.0,현대모비스창원공장,성산동,128.6743916,35.20031678
379001245,753,598,43.0,경남데파트,중앙동3가,128.5675512,35.20141248
379001246,1493,1141,61.0,경남데파트,중앙동3가,128.5673133,35.20119382
379001248,140,106,3.0,한우아파트,자산동,128.5592252,35.20132443
379001252,18,18,1.0,감나무골,내서읍,128.5094787,35.20195738
379001253,18,18,1.0,감나무골,내서읍,128.5095373,35.20186202
379001254,767,569,20.0,경남데파트,중앙동3가,128.5675358,35.20101762
379001256,161,127,4.0,한우아파트,자산동,128.5595652,35.20105321
379001257,58,40,1.0,무계교,미상,128.8163525,35.19712026
379001260,483,339,12.0,성산구청,남산동,128.7013222,35.19853543
379001261,470,327,11.0,성산구청,남산동,128.7015842,35.19839643
379001262,58,40,1.0,한림리츠빌,미상,128.7932216,35.1966958
379001263,36,30,2.0,창원우편집중국,신촌동,128.5941338,35.20016544
379001264,36,30,2.0,창원우편집중국,신촌동,128.5934282,35.19970343
379001265,58,40,1.0,한림리츠빌,미상,128.7925981,35.19705654
379001267,230,163,5.0,완월초등학교,완월동,128.5641592,35.19975843
379001268,233,167,6.0,완월초등학교,완월동,128.5642911,35.19968868
379001270,400,301,10.0,양곡중학교,신촌동,128.6290112,35.19835248
379001271,100,83,3.0,전원아파트,완월동,128.5563857,35.1991235
379001272,80,64,2.0,전원아파트,완월동,128.556693,35.1992294
379001273,399,302,10.0,양곡중학교,신촌동,128.6288982,35.19803943
379001274,58,40,1.0,쌍용예가,미상,128.8144638,35.19522986
379001276,339,230,7.0,창원경상대학병원,삼정자동,128.7073607,35.19681068
379001278,91,58,3.0,이마트,신포동1가,128.570631,35.19847417
379001279,338,230,7.0,한국지엠.창원경상대학병원,성주동,128.7069497,35.19658686
379001280,656,521,37.0,마산합포구청.의료원,중앙동3가,128.5673296,35.19839481
379001281,714,542,22.0,마산합포구청.의료원,중앙동3가,128.5673091,35.19804715
379001282,291,210,7.0,완월동,완월동,128.5622722,35.19810143
379001283,268,186,5.0,완월동,완월동,128.5621302,35.19808243
379001284,1346,1041,58.0,마산합포구청.의료원,중앙동3가,128.5670795,35.19785457
379001285,96,64,4.0,이마트,신포동1가,128.5702438,35.19787959
379001286,443,315,11.0,현대위아 창원4공장,남산동,128.6990532,35.19587343
379001287,28,22,1.0,대림자동차,성산동,128.682546,35.19596495
379001288,105,74,3.0,웅남주민운동장,신촌동,128.6306207,35.19660368
379001290,28,22,1.0,대림자동차,성산동,128.6825486,35.19577568
379001292,58,40,1.0,능동삼거리,미상,128.794598,35.19385525
379001294,306,216,7.0,마산여고,완월동,128.5620922,35.19685143
379001295,58,40,1.0,능동삼거리,미상,128.7942435,35.19368117
379001298,304,213,6.0,마산여고,완월동,128.5619169,35.19683946
379001299,18,18,1.0,신목마을,내서읍,128.5044598,35.19718254
379001300,18,18,1.0,신목마을,내서읍,128.5046745,35.19720668
379001301,351,237,7.0,삼정자내리마을,삼정자동,128.7139308,35.19438498
379001302,565,392,12.0,한화에어로스페이스 창원1사업장,성주동,128.7149833,35.19376513
379001304,96,64,4.0,정부합동청사,신포동1가,128.5697302,35.19556743
379001305,541,378,11.0,현대위아 창원4공장,성주동,128.6976382,35.19367443
379001306,34,29,1.0,완월화인아파트,완월동,128.5576823,35.19548299
379001307,32,27,1.0,완월화인아파트,완월동,128.5568827,35.1961617
379001310,91,58,3.0,정부합동청사,신포동1가,128.5699153,35.19488655
379001312,1214,954,55.0,경동메르빌APT,중앙동2가,128.5667974,35.1947319
379001313,1190,932,54.0,경동메르빌APT,중앙동2가,128.5665542,35.19474443
379001316,553,390,12.0,태화기계,남산동,128.6967742,35.19318889
379001317,28,22,1.0,풍산산업,성주동,128.6884351,35.19260735
379001318,28,22,1.0,풍산산업,성주동,128.6886462,35.19218343
379001321,479,334,11.0,한국전기연구원,불모산동,128.7194103,35.19191744
379001322,485,336,11.0,한국전기연구원,불모산동,128.7195414,35.19196724
379001324,350,247,7.0,신월경남아파트,신월동,128.5609742,35.19311143
379001325,36,30,2.0,제5부두입구,귀현동,128.5928312,35.19269543
379001326,541,378,11.0,태화기계,성주동,128.6955152,35.19118643
379001327,352,251,8.0,신월경남아파트,신월동,128.561077,35.19301221
379001328,1263,978,56.0,중부경찰서,중앙동2가,128.5650943,35.1929213
379001329,36,30,2.0,제5부두입구,귀현동,128.5929824,35.19224118
379001330,58,40,1.0,장유도서관,미상,128.7966878,35.18955807
379001331,1287,1000,57.0,중부경찰서,중앙동2가,128.5650385,35.19256096
379001333,58,40,1.0,장유도서관,미상,128.796366,35.18929807
379001334,58,40,1.0,대청초등학교,미상,128.8054628,35.18894332
379001335,58,40,1.0,대청초등학교,미상,128.8054386,35.18858713
379001336,18,18,1.0,신목종점,내서읍,128.495854,35.19291572
379001337,18,18,1.0,신목종점,내서읍,128.4961612,35.19320033
379001338,28,22,1.0,성주동행정복지센터,성주동,128.6932875,35.18981546
379001339,681,474,14.0,성주동행정복지센터,성주동,128.6941925,35.18968212
379001341,350,247,7.0,마산중앙고등학교,신월동,128.5590602,35.19097643
379001342,58,40,1.0,갑오마을,미상,128.7978299,35.18722156
379001343,352,251,8.0,마산중앙고등학교,신월동,128.5589862,35.19065043
379001344,1214,954,55.0,반월민원센터,중앙동1가,128.5630911,35.19041961
379001345,58,40,1.0,갑오마을,미상,128.7973206,35.18731289
379001346,58,40,1.0,대청고등학교,미상,128.7998351,35.18709967
379001347,1190,932,54.0,반월민원센터,중앙동1가,128.5627258,35.19032106
379001348,34,29,1.0,동성월영마을아파트,월영동,128.5561202,35.19026243
379001349,391,276,9.0,성주동행정복지센터,성주동,128.6944986,35.18831244
379001350,58,40,1.0,대청고등학교,미상,128.7996853,35.18670284
379001352,32,27,1.0,동성월영마을아파트,월영동,128.5555732,35.19004043
379001353,96,64,4.0,한국해양교통안전공단 창원지사,월포동,128.5651482,35.1897235
379001354,10,10,2.0,둔덕종점,진전면,128.3894512,35.19194122
379001355,10,10,2.0,둔덕종점,진전면,128.3893802,35.19180273
379001357,183,119,4.0,안민초등학교,안민동,128.6883782,35.18794176
379001358,179,119,4.0,안민초등학교,안민동,128.6883047,35.18783689
379001359,91,58,3.0,한국해양교통안전공단 창원지사,월포동,128.5652059,35.18931622
379001360,262,197,6.0,관음사입구,양곡동,128.6376648,35.18787053
379001361,183,119,4.0,청솔아파트종점,안민동,128.6892805,35.18751236
379001363,180,119,4.0,청솔아파트종점,안민동,128.6891899,35.18738069
379001364,262,196,6.0,관음사입구,양곡동,128.6374688,35.18781221
379001367,142,91,3.0,삼성그린빌,천선동,128.6943702,35.18637943
379001368,147,92,3.0,삼성그린빌,천선동,128.6945872,35.18632643
379001369,350,247,7.0,제일여고,문화동,128.5574612,35.18807243
379001370,352,251,8.0,제일여고,문화동,128.5575532,35.18796943
379001371,687,547,39.0,제일여고입구,월남동1가,128.5620272,35.18760243
379001372,172,133,4.0,한화에어로스페이스 창원2사업장,성주동,128.6986182,35.18524081
379001373,32,27,1.0,월영한백아파트,월영동,128.5526716,35.18730435
379001374,179,119,4.0,신우에이스타운,안민동,128.6898419,35.18563653
379001375,34,29,1.0,월영한백아파트,월영동,128.5530773,35.18738872
379001376,1346,1041,58.0,연세병원,월남동1가,128.5615655,35.18717617
379001377,183,119,4.0,신우에이스타운,안민동,128.6896654,35.18552376
379001378,172,133,4.0,한화에어로스페이스 창원2사업장,성주동,128.6986308,35.18507601
379001379,179,119,4.0,대동한솔마을아파트,안민동,128.6927812,35.18491943
379001380,183,119,4.0,대동한솔마을아파트,안민동,128.6929332,35.18477343
379001382,683,516,20.0,연세병원,월남동2가,128.561421,35.1864975
379001384,36,30,2.0,두산중공업,귀곡동,128.5967004,35.18475528
379001385,326,234,8.0,평화아파트,평화동,128.5579773,35.18600757
379001386,32,27,1.0,만날고개입구,월영동,128.5519399,35.18583325
379001387,325,231,7.0,평화아파트,평화동,128.5581341,35.18588638
379001390,34,29,1.0,만날고개입구,월영동,128.5521312,35.18539443
379001391,36,30,2.0,두산중공업,귀곡동,128.5964781,35.18472938
379001392,1602,1214,62.0,문화동,월남동3가,128.5602312,35.18458043
379001393,96,64,4.0,마산보건소,해운동,128.5640972,35.18309943
379001394,1628,1240,64.0,문화동,월남동3가,128.5602673,35.18424623
379001395,91,58,3.0,마산보건소,해운동,128.5643325,35.18337486
379001396,228,216,18.0,대내주공아파트,월남동4가,128.55854,35.18125379
379001397,253,239,25.0,경남대학교,월남동4가,128.5593582,35.18242389
379001401,278,253,24.0,경남대학교,해운동,128.5578252,35.18046539
379001402,193,137,5.0,경남대학교,월남동5가,128.5586889,35.18085758
379001403,131,99,5.0,마산우리요양병원,해운동,128.5624987,35.18075441
379001404,126,93,4.0,마산우리요양병원,해운동,128.5629221,35.18067621
379001405,262,196,6.0,목장입구,양곡동,128.6426262,35.17959143
379001408,131,99,5.0,GS마트,해운동,128.5607562,35.18033943
379001411,126,93,4.0,GS마트,해운동,128.5608527,35.18010402
379001412,36,30,2.0,두산중공업부두,귀곡동,128.5963337,35.17949725
379001413,18,18,2.0,대현종점.용광사,진북면,128.4655775,35.18087344
379001414,18,18,2.0,대현종점,진북면,128.4655092,35.18073908
379001416,244,183,8.0,남부터미널,해운동,128.5602734,35.17965249
379001418,1626,1201,50.0,경남대남부터미널종점,해운동,128.5582462,35.17934343
379001419,1398,1033,42.0,경남대남부터미널종점,해운동,128.5584661,35.17916686
379001422,286,215,9.0,해운동,해운동,128.5607193,35.17801654
379001423,323,243,10.0,해운중학교종점,해운동,128.5630344,35.17791759
379001424,279,210,9.0,해운동,해운동,128.5606263,35.1778372
379001425,315,237,10.0,해운중학교종점,월영동,128.5623852,35.17777543
379001426,278,253,24.0,월영동,월영동,128.5562772,35.17786643
379001427,18,18,2.0,정현리,진북면,128.4664706,35.17819357
379001428,283,258,25.0,월영동,월영동,128.5564846,35.17752578
379001430,34,29,1.0,월영라이프아파트,월영동,128.5534912,35.17802443
379001431,32,27,1.0,월영라이프아파트,월영동,128.5537682,35.17720643
379001432,19,19,2.0,정현리,진북면,128.466619,35.1781741
379001433,10,10,2.0,들담마을,진전면,128.3792273,35.17888272
379001434,10,10,2.0,들담마을,진전면,128.3793986,35.17900366
379001435,974,716,24.0,해운초등학교,월영동,128.5584416,35.17573489
379001436,283,258,25.0,화인아파트,월영동,128.5561658,35.17518741
379001437,985,726,24.0,해운초등학교,월영동,128.558648,35.17576607
379001438,278,231,11.0,월영마린애시앙아파트,월영동,128.5626012,35.17533543
379001439,271,225,11.0,월영마린애시앙아파트,월영동,128.5622092,35.17532943
379001440,278,253,24.0,화인아파트,월영동,128.5558244,35.17450754
379001441,1105,811,27.0,월영1차아파트,월영동,128.5591801,35.17430863
379001443,1094,801,27.0,월영동공원,월영동,128.5592752,35.17368043
379001444,262,197,6.0,창원편백치유의숲,태백동,128.6545302,35.1720244
379001445,19,19,2.0,대현마을입구,진북면,128.4682617,35.17432935
379001447,10,10,2.0,석방교,진전면,128.3775755,35.17483604
379001448,18,18,2.0,대현마을입구,진북면,128.4681804,35.17423119
379001449,10,10,2.0,석방교,진전면,128.3777284,35.17485244
379001450,36,30,2.0,용호입구,귀곡동,128.5950438,35.17211226
379001451,894,688,27.0,고운초등학교,월영동,128.5622757,35.17134378
379001452,906,698,27.0,고운초등학교,월영동,128.5619677,35.17178938
379001454,36,30,2.0,용호,귀곡동,128.596769,35.17041477
379001455,277,212,7.0,진해문화센터,태백동,128.6587374,35.16896856
379001456,277,211,7.0,진해문화센터,태백동,128.6586183,35.16868828
379001457,19,19,2.0,중촌마을,진북면,128.4701606,35.17172578
379001458,18,18,2.0,중촌마을,진북면,128.4700153,35.17171861
379001459,36,30,2.0,용호,귀곡동,128.5994551,35.16938044
379001460,202,182,21.0,밤밭고개,예곡동,128.5550961,35.16815567
379001461,539,408,16.0,가포고등학교,가포동,128.5709774,35.16815686
379001462,531,403,16.0,가포고등학교,가포동,128.5710493,35.16797798
379001463,502,386,15.0,국립마산병원,가포동,128.5662868,35.16808271
379001464,242,222,23.0,밤밭고개,예곡동,128.5553239,35.16812716
379001465,494,381,15.0,국립마산병원,가포동,128.5662876,35.16795642
379001467,36,30,2.0,삼귀민원센터,귀산동,128.6145406,35.16578893
379001468,36,30,2.0,삼귀민원센터,귀산동,128.6146749,35.16578729
379001469,164,155,10.0,마산골프랜드,가포동,128.5739108,35.16701589
379001470,160,152,10.0,마산골프랜드,가포동,128.5736015,35.16691626
379001473,36,30,2.0,갯마을,귀산동,128.6082435,35.16403823
379001474,36,30,2.0,갯마을,귀산동,128.6081833,35.16389239
379001475,36,30,2.0,귀산,귀산동,128.6130527,35.16363483
379001476,18,18,2.0,대티마을,진북면,128.4724912,35.1651911
379001477,19,19,2.0,대티마을,진북면,128.4726703,35.16517195
379001478,36,30,2.0,갯마을입구,귀산동,128.6032168,35.16237314
379001479,36,30,2.0,갯마을입구,귀산동,128.6033248,35.1619774
379001480,262,197,6.0,해성아파트입구,여좌동,128.6629814,35.16122495
379001481,262,196,6.0,한전입구,여좌동,128.6627912,35.16120143
379001482,160,152,10.0,가포동,가포동,128.5759211,35.16242044
379001483,164,155,10.0,가포동,가포동,128.5758578,35.16212611
379001484,326,252,6.0,진해세화여고,석동,128.6942208,35.15974095
379001485,326,252,6.0,진해세화여고,석동,128.6944041,35.15954249
379001487,326,252,6.0,진해남중,경화동,128.6897526,35.15945207
379001488,386,283,9.0,진해고등학교,여좌동,128.6625812,35.15973143
379001489,326,252,6.0,진해남중,경화동,128.6899915,35.15932263
379001490,385,283,9.0,진해고등학교,여좌동,128.662744,35.15949074
379001491,326,325,6.0,경화역,경화동,128.6863744,35.15887932
379001492,348,247,7.0,롯데마트,석동,128.7010845,35.15792526
379001493,326,319,6.0,경화역,경화동,128.686471,35.1587062
379001494,281,207,5.0,경화동,경화동,128.6833189,35.15825456
379001495,326,252,6.0,경화동,경화동,128.6841313,35.15826856
379001496,349,247,7.0,롯데마트,석동,128.7005807,35.15790999
379001497,201,177,11.0,가포초등학교,가포동,128.5768516,35.15874478
379001498,197,174,11.0,가포초등학교,가포동,128.5768204,35.15854916
379001501,281,207,5.0,경화육교,경화동,128.6816094,35.15764096
379001502,281,207,5.0,경화육교,경화동,128.6803154,35.15753982
379001503,36,30,2.0,석교종점,귀산동,128.6106663,35.15836293
379001504,309,223,6.0,진해경찰서,석동,128.7026744,35.15683033
379001505,36,30,2.0,석교종점,귀산동,128.6106028,35.15820606
379001507,281,207,5.0,산상교회,경화동,128.6788683,35.15664656
379001508,546,450,32.0,우산마을,우산동,128.5538513,35.15832274
379001509,371,268,8.0,여좌신협,여좌동,128.6624651,35.15682455
379001510,370,268,8.0,여좌신협,여좌동,128.6628085,35.15675148
379001512,309,223,6.0,진해경찰서,석동,128.7040446,35.15555593
379001513,537,441,31.0,우산마을,우산동,128.5529312,35.15743613
379001514,115,107,6.0,가포본동,가포동,128.5819064,35.15484182
379001515,10,10,2.0,술인방,진전면,128.3719514,35.15915469
379001516,201,177,11.0,가포본동,가포동,128.5803613,35.15594799
379001517,10,10,2.0,술인방,진전면,128.3716029,35.15996979
379001518,281,207,5.0,태백아파트,경화동,128.6771099,35.15514507
379001519,309,223,6.0,석동중학교,석동,128.7042874,35.15465175
379001520,281,207,5.0,태백아파트,경화동,128.6769485,35.15477236
379001521,348,247,7.0,냉천사거리,석동,128.705243,35.15360926
379001523,368,279,11.0,경화시장,경화동,128.6899291,35.15375018
379001524,369,280,11.0,경화시장,이동,128.6912891,35.15357963
379001525,353,264,10.0,경화우체국,경화동,128.6858222,35.15356543
379001526,354,265,10.0,경화성당,경화동,128.6869288,35.15340175
379001527,368,279,11.0,중부시장,경화동,128.6820012,35.15335188
379001528,10,10,1.0,영동종점,진북면,128.4341727,35.15640459
379001530,10,10,1.0,영동종점,진북면,128.4340282,35.1563061
379001531,369,280,11.0,중부시장입구,경화동,128.6820354,35.15309517
379001533,353,264,10.0,중초삼거리,경화동,128.678098,35.15295463
379001534,353,264,10.0,염전사거리,이동,128.6952412,35.15260143
379001535,354,265,10.0,중초삼거리,경화동,128.6781314,35.15274369
379001537,514,373,13.0,중앙초등학교,충무동,128.6744713,35.15262226
379001538,360,278,8.0,진해역,충무동,128.6613976,35.15268299
379001539,294,216,9.0,태백사거리,경화동,128.6758043,35.15252902
379001542,354,265,10.0,염전사거리,이동,128.6954568,35.15208692
379001543,419,333,18.0,시립마산요양병원,우산동,128.5511524,35.15344906
379001544,360,278,8.0,진해수협,충무동,128.6638804,35.15245601
379001545,427,341,19.0,시립마산요양병원,우산동,128.5513636,35.15360488
379001546,315,301,7.0,진해역,충무동,128.6608017,35.15250168
379001547,514,373,13.0,벚꽃상가,충무동,128.6702442,35.15226034
379001548,574,506,15.0,중앙시장,충무동,128.6669363,35.15216426
379001549,315,234,7.0,진해수협,충무동,128.6637921,35.15222091
379001551,257,182,5.0,대동아파트앞,석동,128.7060667,35.15172444
379001552,515,374,13.0,벚꽃상가,충무동,128.6702042,35.15199743
379001554,145,130,14.0,묵지마을,진동면,128.5277519,35.15401483
379001555,147,131,14.0,묵지마을,진동면,128.5245591,35.15354134
379001556,19,19,2.0,외추마을,진북면,128.4763864,35.15330726
379001557,18,18,2.0,외추마을,진북면,128.4761862,35.15335143
379001558,177,132,4.0,충무동행정복지센터,대흥동,128.6599797,35.15079943
379001559,118,109,6.0,가포송신소,가포동,128.5867603,35.15180381
379001560,170,154,16.0,동전마을,진동면,128.5172446,35.15259133
379001561,168,153,16.0,옥동마을,현동,128.5477891,35.15179064
379001562,168,153,16.0,동전마을,진동면,128.5169495,35.15237385
379001563,115,107,6.0,가포송신소,가포동,128.5867968,35.15148958
379001564,222,176,5.0,충무동행정복지센터,대흥동,128.6596573,35.15041284
379001565,368,279,11.0,이동119안전센터,이동,128.6978717,35.14990844
379001566,309,223,6.0,자은주공아파트,자은동,128.7070472,35.14961069
379001567,309,223,6.0,자은주공아파트,자은동,128.7067372,35.14958143
379001568,369,280,11.0,이동119안전센터,이동,128.6981797,35.14923281
379001572,353,264,10.0,이동교,이동,128.6993762,35.14809043
379001573,10,10,1.0,학동마을회관,진북면,128.4400529,35.15164305
379001574,354,265,10.0,진해골프장입구,이동,128.6993342,35.14775097
379001576,10,10,1.0,학동마을회관,진북면,128.440175,35.15128578
379001577,170,154,16.0,옥동마을,현동,128.5493463,35.15376208
379001578,348,247,7.0,벚꽃마을삼성아파트입구,자은동,128.7071851,35.14772416
379001579,456,338,13.0,진해청소년전당,광화동,128.6595416,35.14782766
379001580,455,336,13.0,진해청소년전당,광화동,128.6592145,35.14765438
379001581,10,10,2.0,원산마을회관,진전면,128.3700704,35.15099761
379001582,10,10,2.0,원산마을회관,진전면,128.3699567,35.15102082
379001583,349,247,7.0,자은동행정복지센터,자은동,128.7069486,35.14652931
379001584,115,107,6.0,날개,덕동동,128.583707,35.1478162
379001585,118,109,6.0,날개,덕동동,128.5838003,35.14771512
379001586,531,419,21.0,현동초등학교,현동,128.5580002,35.14593876
379001587,543,432,22.0,현동초등학교,현동,128.5576067,35.14715162
379001588,348,247,7.0,덕산해군아파트,자은동,128.7072731,35.14572723
379001589,607,441,15.0,남원로터리,태평동,128.6597162,35.14630604
379001592,606,439,15.0,남원로터리,태평동,128.6602542,35.14601743
379001593,349,247,7.0,덕산해군아파트,자은동,128.707034,35.14483919
379001594,21,21,3.0,부평마을,진북면,128.4790644,35.14745947
379001595,20,20,3.0,부평마을,진북면,128.479013,35.14720699
379001596,177,205,4.0,인의동터미널,숭인동,128.6609472,35.14490443
379001597,298,223,9.0,덕산동,덕산동,128.7010386,35.14420827
379001598,297,222,9.0,덕산동,덕산동,128.7012012,35.14417143
379001599,177,198,4.0,인의동터미널,숭인동,128.6606162,35.14465643
379001600,115,107,6.0,대덕농원,덕동동,128.5835752,35.14557214
379001601,118,109,6.0,대덕농원,덕동동,128.5837259,35.14550401
379001602,60,54,7.0,태봉병원,진동면,128.5111238,35.14585956
379001603,110,100,9.0,태봉마을,진동면,128.5108784,35.14655866
379001604,348,247,7.0,자은포스코,자은동,128.7074702,35.14276243
379001605,10,10,1.0,금산마을입구,진북면,128.4506878,35.14570978
379001606,10,10,1.0,금산마을입구,진북면,128.4506342,35.1456293
379001607,20,20,4.0,의산보건진료소,진전면,128.3701934,35.14644582
379001608,18,18,4.0,의산보건진료소,진전면,128.3703447,35.14654418
379001609,152,129,7.0,매립지입구,덕동동,128.580972,35.14340782
379001610,155,131,7.0,매립지입구,덕동동,128.5810818,35.14335524
379001612,348,247,7.0,자은본동,자은동,128.7075129,35.14051058
379001613,313,238,10.0,우성아파트,덕산동,128.7012582,35.14021743
379001614,168,153,16.0,오산마을,진동면,128.5073517,35.14270631
379001615,20,20,3.0,망곡마을,진북면,128.4827767,35.14299729
379001616,21,21,3.0,망곡마을,진북면,128.4834386,35.14258697
379001617,60,54,7.0,입곡마을입구,진동면,128.5076239,35.14162511
379001618,118,109,6.0,덕동어린이집,덕동동,128.5783748,35.14128468
379001619,115,107,6.0,덕동어린이집,덕동동,128.5780181,35.141258
379001620,317,220,6.0,우성아파트.아이존빌입구,자은동,128.7073377,35.13951342
379001621,400,306,12.0,우성아파트,풍호동,128.7016712,35.13910543
379001622,152,129,7.0,덕동마을,덕동동,128.5758729,35.1403061
379001623,155,131,7.0,덕동,덕동동,128.5759228,35.14019675
379001624,540,429,22.0,묘촌입구,현동,128.5603717,35.14124442
379001625,531,419,21.0,묘촌입구,현동,128.5607694,35.13993883
379001626,277,196,5.0,풍호동행정복지센터,풍호동,128.7078281,35.13738135
379001627,41,41,3.0,신촌공단,진북면,128.4796035,35.14020551
379001628,41,41,3.0,신촌공단,진북면,128.4797129,35.1400939
379001629,20,20,4.0,거락마을,진전면,128.3723671,35.14163285
379001630,18,18,4.0,거락마을,진전면,128.3725061,35.14160386
379001631,385,291,11.0,풍호동평화마을,풍호동,128.7022408,35.13661328
379001632,316,220,6.0,녹수아파트,풍호동,128.7083512,35.13628691
379001633,386,292,11.0,풍호동평화마을,풍호동,128.7020861,35.13638357
379001634,10,10,1.0,이목마을,진북면,128.458414,35.13881824
379001635,10,10,1.0,이목마을,진북면,128.4579281,35.13935775
379001639,196,152,6.0,마린푸르지오1단지.신광아파트,풍호동,128.7064141,35.13503892
379001641,197,153,6.0,마린푸르지오1단지.신광아파트,풍호동,128.7064338,35.13485774
379001642,20,20,3.0,연동마을,진북면,128.4845078,35.13739676
379001643,21,21,3.0,연동마을,진북면,128.4847541,35.13750933
379001644,19,19,2.0,금암(중촌)마을,진전면,128.3824315,35.13820038
379001645,19,19,2.0,금암(중촌)마을,진전면,128.3824083,35.13812629
379001646,10,10,1.0,부산마을입구,진북면,128.4601173,35.13715781
379001647,10,10,1.0,부산마을입구,진북면,128.4601571,35.13699631
379001648,19,19,2.0,상촌,진전면,128.3910852,35.13706037
379001651,152,129,7.0,하수도사업소,덕동동,128.5670505,35.1346401
379001653,18,18,4.0,금암마을,진전면,128.3743426,35.13687726
379001654,20,20,4.0,금암마을,진전면,128.3742915,35.13678076
379001655,155,131,7.0,하수도사업소,덕동동,128.5673571,35.13434907
379001657,10,10,1.0,이목,진북면,128.4625181,35.13585921
379001658,10,10,1.0,이목,진북면,128.4629992,35.13560053
379001659,274,214,8.0,장천동.이순신리더쉽국제센터,풍호동,128.7036647,35.13150475
379001660,21,21,3.0,연동마을입구,진북면,128.4849421,35.13464807
379001661,274,214,8.0,장천동.이순신리더쉽국제센터,장천동,128.7037177,35.13049012
379001662,41,41,3.0,신촌회차장,진북면,128.4766936,35.13436415
379001663,19,19,1.0,신촌회차장,진북면,128.4775102,35.13495456
379001664,20,20,3.0,연동마을입구,진북면,128.4850727,35.13375965
379001665,120,117,11.0,유산마을입구,구산면,128.5661952,35.13270643
379001667,127,123,12.0,유산마을입구,구산면,128.5664004,35.13264282
379001668,28,28,4.0,유산마을,구산면,128.563583,35.13180767
379001669,29,29,4.0,유산마을,구산면,128.563937,35.13166242
379001670,18,18,4.0,대정,진전면,128.376152,35.1328379
379001671,20,20,4.0,대정,진전면,128.3760455,35.13267389
379001672,28,28,4.0,유산마을회차장,구산면,128.5572882,35.13011443
379001673,29,29,4.0,유산마을회차장,구산면,128.5575995,35.13006379
379001674,18,18,4.0,대정입구,진전면,128.3768551,35.13063451
379001675,20,20,4.0,대정입구,진전면,128.3767488,35.13056699
379001677,17,17,2.0,인곡마을종점,진북면,128.4461776,35.13026844
379001679,10,10,2.0,대정입구,진전면,128.3757348,35.13027021
379001680,147,131,14.0,한백자동차학원,진동면,128.5001124,35.12875331
379001682,10,10,2.0,대정입구,진전면,128.3750577,35.13026818
379001684,10,10,1.0,대평마을,진북면,128.4666163,35.1286784
379001685,10,10,1.0,대평마을,진북면,128.4667207,35.1286809
379001686,21,21,3.0,덕기마을,진동면,128.4866097,35.1257633
379001687,20,20,3.0,덕기마을,진동면,128.4863281,35.12601202
379001688,98,95,9.0,골매마을입구,구산면,128.5770311,35.1254442
379001689,104,100,10.0,골매마을입구,구산면,128.5772458,35.12538367
379001690,10,10,2.0,개양마을,진전면,128.3822365,35.12739925
379001691,8,8,2.0,개양마을,진전면,128.3826634,35.12714415
379001693,17,17,2.0,정곡종점,진북면,128.4385683,35.12620894
379001695,70,65,6.0,진동면허시험장,진동면,128.4876384,35.12357286
379001697,69,64,6.0,진동면허시험장,진동면,128.4873184,35.12370013
379001698,17,17,2.0,동삼마을,진북면,128.4472663,35.12483972
379001699,18,18,4.0,양촌리,진전면,128.3858251,35.12430076
379001701,20,20,4.0,양촌리,진전면,128.385887,35.12405534
379001702,104,100,10.0,수정,구산면,128.5797677,35.12140958
379001703,98,95,9.0,수정,구산면,128.5797048,35.12121792
379001704,24,24,6.0,마전,구산면,128.5362017,35.12129739
379001705,18,18,3.0,마전,구산면,128.5365957,35.12120388
379001708,10,10,2.0,일암,진전면,128.3743694,35.12297045
379001709,10,10,2.0,일암,진전면,128.3744745,35.12318594
379001710,115,115,11.0,구산면행정복지센터,구산면,128.5803154,35.11956662
379001711,109,109,10.0,구산면행정복지센터,구산면,128.5801857,35.11960155
379001712,147,131,14.0,야촌,진동면,128.4946137,35.12026918
379001716,10,10,2.0,일암종점,진전면,128.3779901,35.12113884
379001717,10,10,2.0,일암종점,진전면,128.3782098,35.12108891
379001718,154,139,15.0,야촌,진동면,128.4935771,35.11937637
379001720,24,24,6.0,군령삼거리,구산면,128.5403527,35.11838219
379001722,25,25,5.0,군령삼거리,구산면,128.5407961,35.11836148
379001723,17,17,2.0,예곡마을,진북면,128.4515106,35.11924271
379001724,17,17,2.0,예곡마을,진북면,128.4514583,35.11917668
379001725,3,3,2.0,군령,구산면,128.5453282,35.11798143
379001726,4,4,2.0,군령,구산면,128.5453375,35.11780732
379001730,10,10,1.0,덕곡입구,진북면,128.4719009,35.11798709
379001731,10,10,1.0,덕곡입구,진북면,128.4718149,35.1179491
379001732,73,62,5.0,수정종점,구산면,128.579388,35.11650861
379001733,42,53,6.0,수정주유소,구산면,128.5803466,35.11655085
379001734,24,24,6.0,도만,진동면,128.5321721,35.11691823
379001735,25,25,5.0,도만,진동면,128.5323079,35.11691701
379001736,18,18,4.0,동산마을,진전면,128.3910998,35.11869741
379001737,38,49,5.0,수정주유소,구산면,128.5803515,35.11628907
379001738,20,20,4.0,동산마을,진전면,128.3911934,35.11838791
379001739,154,139,15.0,삼진고등학교,진동면,128.4889768,35.1166836
379001740,76,65,6.0,수정시내버스환승센터,구산면,128.5781003,35.11554241
379001742,17,17,2.0,예곡,진북면,128.4556739,35.11656188
379001743,17,17,2.0,예곡,진북면,128.4548728,35.11693885
379001745,42,53,6.0,장문안마을,구산면,128.5849748,35.11484872
379001746,38,49,5.0,장문안마을,구산면,128.5849301,35.11472985
379001749,17,17,2.0,서촌,진북면,128.4642952,35.11598359
379001750,17,17,2.0,서촌,진북면,128.4643579,35.11585817
379001751,156,140,15.0,진동초등학교,미상,128.4913615,35.11779733
379001752,85,85,11.0,동촌,진북면,128.473522,35.11541764
379001753,3,3,2.0,석곡마을,구산면,128.5632214,35.11432001
379001754,4,4,2.0,석곡마을,구산면,128.5633505,35.1142579
379001756,88,88,11.0,동촌,진북면,128.4738996,35.11521496
379001758,145,129,13.0,진동,진동면,128.4875238,35.11567792
379001759,56,56,9.0,진북면행정복지센터,진북면,128.4690057,35.11487073
379001761,98,98,11.0,진북면행정복지센터,진북면,128.4692769,35.11477101
379001762,85,85,11.0,창의탑,진북면,128.4789616,35.11456949
379001764,88,88,11.0,창의탑,진북면,128.4787075,35.11448331
379001766,17,17,2.0,예곡,진북면,128.4597709,35.11452408
379001767,17,17,2.0,예곡,진북면,128.4588621,35.11485593
379001768,3,3,2.0,수정관광농원,구산면,128.5714495,35.11267265
379001769,17,17,2.0,지산마을,진북면,128.4619778,35.11406767
379001770,17,17,2.0,지산마을,진북면,128.4617675,35.11395486
379001771,4,4,2.0,수정관광농원,구산면,128.5715356,35.11256183
379001772,42,53,6.0,장문안마을뒤,구산면,128.5885855,35.11211203
379001774,38,49,5.0,장문안마을뒤,구산면,128.5883055,35.11227336
379001775,39,39,7.0,해병전첩비,진북면,128.4631827,35.1130056
379001776,42,42,7.0,해병전첩비,진북면,128.4635369,35.11295957
379001778,24,24,6.0,다구배나무골,진동면,128.5226431,35.11120603
379001779,25,25,5.0,다구배나무골,진동면,128.5226751,35.11109781
379001780,24,24,6.0,혜창아파트,진동면,128.4893342,35.11117443
379001781,25,25,5.0,혜창아파트,진동면,128.4892249,35.11111594
379001782,17,17,2.0,신기마을입구,진동면,128.4787287,35.11083539
379001783,17,17,2.0,신기마을입구,진동면,128.47879,35.11054067
379001784,42,42,7.0,율티마을,진북면,128.4601151,35.11102172
379001785,39,39,7.0,옥곡마을,진북면,128.4587781,35.11062558
379001786,24,24,6.0,다구본동,진동면,128.5184601,35.10965012
379001787,25,25,5.0,다구본동,진동면,128.5185866,35.10958436
379001788,23,23,5.0,명주,구산면,128.5478904,35.10844998
379001789,24,24,6.0,명주,구산면,128.5483636,35.10812296
379001790,21,21,3.0,진전초등학교,진전면,128.4150057,35.10930361
379001791,21,21,3.0,봉곡마을,진전면,128.4176696,35.10961144
379001792,22,22,3.0,진전초등학교,진전면,128.4154358,35.10956628
379001793,22,22,3.0,봉곡마을,진전면,128.4176679,35.10948812
379001795,18,18,4.0,곡안리,진전면,128.4145013,35.10947326
379001796,20,20,4.0,진전초교,진전면,128.414869,35.10944143
379001797,42,42,7.0,옹기골,진전면,128.4537527,35.10894804
379001798,30,30,6.0,신기,진전면,128.4477264,35.10792202
379001799,22,22,3.0,도산마을,진전면,128.426484,35.10780081
379001800,21,21,3.0,도산마을,진전면,128.4271774,35.1076017
379001801,17,17,2.0,죽전,진동면,128.478477,35.106937
379001802,17,17,2.0,죽전,진동면,128.4785654,35.10714596
379001803,42,42,7.0,암하,진전면,128.4487708,35.10718092
379001804,42,42,7.0,암하,진전면,128.4507522,35.10706643
379001806,24,24,6.0,아래주도,진동면,128.5119297,35.10605174
379001807,25,25,5.0,아래주도,진동면,128.5119741,35.1059641
379001808,42,42,7.0,진목마을,진전면,128.4405718,35.10644133
379001809,39,39,7.0,진목마을,진전면,128.4403592,35.10653624
379001811,39,39,7.0,천주교마산교구청,진전면,128.435441,35.10606255
379001812,42,42,7.0,천주교마산교구청,진전면,128.4348966,35.10592609
379001813,24,24,6.0,광암선창,진동면,128.4982582,35.10474243
379001814,25,25,5.0,광암선창,진동면,128.4982195,35.104638
379001815,40,40,7.0,진전어린이집,진전면,128.4168993,35.1046895
379001816,24,24,6.0,주도입구,진동면,128.5070549,35.1034917
379001817,25,25,5.0,주도입구,진동면,128.5070512,35.10338256
379001818,41,41,7.0,진전어린이집,진전면,128.4171195,35.10421009
379001819,42,53,6.0,옥계입구,구산면,128.5907562,35.10127263
379001820,17,17,2.0,고현,진동면,128.4795362,35.10256838
379001821,17,17,2.0,고현,진동면,128.4794468,35.10255959
379001822,38,49,5.0,옥계입구,구산면,128.5906485,35.10133977
379001827,40,40,7.0,진전면행정복지센터,진전면,128.4185451,35.10263124
379001828,41,41,7.0,진전면행정복지센터,진전면,128.4184674,35.10250227
379001830,21,21,3.0,오서시장,진전면,128.4161441,35.10204182
379001831,22,22,3.0,오서시장,진전면,128.4165166,35.10192986
379001832,12,12,2.0,진전중학교,진전면,128.4100194,35.10197721
379001833,13,13,2.0,진전중학교,진전면,128.410219,35.10186771
379001834,18,18,4.0,오서입구,진전면,128.4261681,35.10164805
379001835,20,20,4.0,오서입구,진전면,128.4261012,35.10155543
379001836,17,17,2.0,고현수협조합,진동면,128.4792693,35.10063652
379001838,17,17,2.0,고현수협조합,진동면,128.4791641,35.10070069
379001839,17,17,2.0,선두종점,진동면,128.4680241,35.10011495
379001840,17,17,2.0,선두종점,진동면,128.4682859,35.10012325
379001841,17,17,2.0,장기,진동면,128.4752122,35.09911806
379001842,17,17,2.0,장기,진동면,128.4755002,35.09914843
379001843,32,43,4.0,내포마을,구산면,128.5830009,35.09684382
379001844,35,46,5.0,내포마을,구산면,128.5830707,35.09673743
379001845,13,13,3.0,미리마을,구산면,128.5508001,35.09702581
379001846,13,13,3.0,미리마을,구산면,128.5509552,35.09664878
379001847,13,13,2.0,호산마을,진전면,128.4313674,35.09833295
379001848,12,12,2.0,호산마을,진전면,128.4311907,35.09805566
379001849,25,25,2.0,회동,진전면,128.4054212,35.09791415
379001850,25,25,2.0,회동,진전면,128.4054268,35.09777767
379001852,13,13,2.0,정달마을,진전면,128.4388915,35.09754899
379001853,12,12,2.0,정달마을,진전면,128.4388518,35.09746805
379001854,35,46,5.0,신촌마을,구산면,128.5832223,35.09558545
379001856,13,13,3.0,욱곡마을회관앞,구산면,128.5569975,35.09575715
379001859,13,13,2.0,이명마을입구,진전면,128.4463562,35.09593971
379001860,12,12,2.0,이명마을입구,진전면,128.4461655,35.09585851
379001861,13,13,3.0,욱곡용궁횟집,구산면,128.5666733,35.09370694
379001862,13,13,3.0,욱곡용궁횟집,구산면,128.5666603,35.09358509
379001863,7,7,1.0,옥계종점,구산면,128.6115721,35.09321769
379001864,7,7,1.0,옥계종점,구산면,128.6116323,35.09299413
379001865,13,13,2.0,이명마을,진전면,128.45017,35.0948054
379001866,12,12,2.0,이명마을,진전면,128.4502549,35.09469647
379001867,13,13,3.0,욱곡마을,구산면,128.5712586,35.09273008
379001869,13,13,3.0,욱곡마을,구산면,128.5711612,35.09262872
379001870,25,25,2.0,탑동종점,진전면,128.3989629,35.09464524
379001871,32,43,4.0,욱곡입구,구산면,128.583426,35.09143857
379001872,35,46,5.0,욱곡입구,구산면,128.5835896,35.0914528
379001874,13,13,3.0,욱곡,구산면,128.5756654,35.09130334
379001875,13,13,3.0,욱곡,구산면,128.5756303,35.09118289
379001876,48,59,6.0,망향정입구,구산면,128.5836995,35.08907328
379001877,45,56,5.0,망향정입구,구산면,128.5835417,35.08903487
379001878,13,13,2.0,창포마을,진전면,128.46036,35.09004035
379001879,12,12,2.0,창포마을,진전면,128.4603637,35.08971188
379001880,48,59,6.0,반동삼거리,구산면,128.5852798,35.08753954
379001881,45,56,5.0,반동삼거리,구산면,128.5853381,35.08727559
379001883,11,22,1.0,구산농협,구산면,128.5848931,35.08666037
379001884,12,23,2.0,구산농협,구산면,128.5847775,35.08656726
379001885,13,13,2.0,창포,진전면,128.4637094,35.08719568
379001886,12,12,2.0,창포,진전면,128.4638131,35.08704374
379001887,36,36,4.0,양평,구산면,128.5916917,35.08458734
379001888,34,34,4.0,양평,구산면,128.5915552,35.08452743
379001889,11,22,1.0,춘추원,구산면,128.571111,35.08385968
379001890,12,23,2.0,춘추원,구산면,128.5715288,35.08375014
379001891,11,22,1.0,붉은등대,구산면,128.5699702,35.08247841
379001892,12,23,2.0,붉은등대,구산면,128.5700245,35.08236796
379001893,16,16,1.0,난포리,구산면,128.6027838,35.08155178
379001894,14,14,1.0,난포리,구산면,128.6028852,35.08139368
379001895,11,22,1.0,장구리,구산면,128.5661464,35.08062292
379001896,12,23,2.0,장구리,구산면,128.5662643,35.08055827
379001897,13,13,2.0,동진대교,진전면,128.4640974,35.0770772
379001898,12,12,2.0,동진대교,진전면,128.4639756,35.07717281
379001899,11,22,1.0,연까치,구산면,128.5645901,35.07534349
379001900,12,23,2.0,연까치,구산면,128.5648854,35.07515097
379001901,16,16,1.0,장수암입구,구산면,128.6262943,35.07375497
379001902,14,14,1.0,장수암입구,구산면,128.626204,35.07366203
379001903,16,16,1.0,범바위,구산면,128.6208332,35.07265201
379001904,14,14,1.0,범바위,구산면,128.620945,35.07262348
379001906,12,12,2.0,소포,진전면,128.4519604,35.07440628
379001907,13,13,2.0,소포,진전면,128.4518856,35.0742717
379001908,16,16,1.0,청등골,구산면,128.6298229,35.07163391
379001909,14,14,1.0,청등골,구산면,128.6297633,35.07153565
379001910,14,14,1.0,윗용호,구산면,128.5980543,35.07160761
379001911,16,16,1.0,윗용호,구산면,128.598191,35.07158684
379001912,12,12,2.0,동진대교,진전면,128.4622828,35.07293339
379001913,13,13,2.0,동진대교,진전면,128.4624858,35.07297213
379001914,11,22,1.0,구복,구산면,128.5666532,35.07143306
379001915,12,23,2.0,구복,구산면,128.5666564,35.07123753
379001916,14,14,1.0,심리,구산면,128.6055408,35.07071338
379001917,16,16,1.0,심리,구산면,128.6056797,35.07074605
379001919,14,14,1.0,선착장,구산면,128.6351254,35.06986505
379001920,16,16,1.0,선착장,구산면,128.6352695,35.06990894
379001921,12,12,2.0,시락,진전면,128.4390807,35.07225037
379001922,13,13,2.0,시락,진전면,128.4391812,35.07216367
379001923,12,12,2.0,시락마을,진전면,128.441177,35.07227365
379001924,13,13,2.0,시락마을,진전면,128.441253,35.07213615
379001925,12,12,2.0,해변횟집,진전면,128.4464403,35.07212691
379001926,13,13,2.0,해변횟집,진전면,128.4462945,35.07200795
379001927,16,16,1.0,청등골,구산면,128.6154867,35.06975548
379001928,14,14,1.0,청등골,구산면,128.6155672,35.06966976
379001929,16,16,1.0,별장입구,구산면,128.6109882,35.06958943
379001930,14,14,1.0,별장입구,구산면,128.6109714,35.06948212
379001931,14,14,1.0,상심리,구산면,128.6051847,35.06942206
379001932,16,16,1.0,상심리,구산면,128.6050825,35.06950653
379001933,14,14,1.0,설진,구산면,128.6341406,35.06863066
379001934,16,16,1.0,설진,구산면,128.6339989,35.06848054
379001935,16,16,1.0,원전종점,구산면,128.6300678,35.06833853
379001936,16,16,1.0,원전종점,구산면,128.630239,35.06824273
379001937,11,22,1.0,저도연육교.스카이워크,구산면,128.5615196,35.06566438
379001938,12,23,2.0,저도연육교.스카이워크,구산면,128.5616394,35.06563931
379001939,16,16,1.0,아랫용호,구산면,128.5951574,35.06271596
379001940,14,14,1.0,아랫용호,구산면,128.5950024,35.06263599
379001941,12,12,2.0,정곡,진전면,128.4319564,35.06081827
379001942,13,13,2.0,정곡,진전면,128.4319221,35.06070516
379001943,13,13,2.0,시락정곡종점,진전면,128.4249817,35.06001085
379001944,13,13,2.0,시락정곡종점,진전면,128.4251095,35.06003284
379001947,15,15,3.0,미천마을,진전면,128.3983738,35.153063
379001948,13,13,3.0,미천마을,진전면,128.3986031,35.15309617
379001949,15,15,3.0,상평종점,진전면,128.4004762,35.16495749
379001950,15,15,3.0,상평종점,진전면,128.400545,35.16491887
379001953,84,68,3.0,용마고등학교,산호동,128.580749,35.21070387
379001954,84,68,3.0,육호광장,상남동,128.5771125,35.21114899
379001955,110,64,2.0,이마트,중앙동,128.679732,35.22679158
379001956,190,155,6.0,어울림어린이공원,용호동,128.6859673,35.2389889
379001957,226,150,5.0,한국가스안전공사,외동,128.6759339,35.21433519
379001964,94,70,2.0,상곡동,내서읍,128.4997527,35.24535609
379001968,88,80,4.0,해운중학교,해운동,128.5656022,35.17788743
379001969,90,80,4.0,해운중학교,해운동,128.5651602,35.17796043
379001971,35,35,1.0,방송통신대,해운동,128.5667862,35.17929243
379001973,16,20,2.0,마산합포스포츠센터,미상,128.5685334,35.17590206
379001974,16,19,2.0,마산합포스포츠센터,미상,128.5686509,35.17630159
379001975,16,20,2.0,가포신항,미상,128.5761707,35.16981189
379001976,16,19,2.0,가포신항,미상,128.5778268,35.1686097
379001984,81,75,3.0,광려중학교,내서읍,128.5034041,35.21782089
379001985,395,302,15.0,내서여고,내서읍,128.5040952,35.23757659
379001987,15,15,2.0,농산물도매시장,내서읍,128.5123047,35.25594295
379001988,20,20,2.0,농산물도매시장,내서읍,128.5126952,35.25659209
379001991,552,387,18.0,두척,두척동,128.5433795,35.23776657
379001992,566,396,18.0,두척,두척동,128.5438522,35.23778307
379001993,126,68,5.0,용마고등학교,산호동,128.5806934,35.21088106
379001994,369,292,8.0,유목교,반지동,128.6563632,35.24368443
379001995,1085,761,26.0,마산역.365병원,석전동,128.5790683,35.23363686
379001996,387,249,11.0,3.15아트센터,양덕동,128.5784645,35.22597873
379002004,569,441,33.0,오동동아구찜거리,오동동,128.5795282,35.20605615
379002006,226,168,13.0,공단회관,삼동동,128.6512692,35.22838243
379002012,74,74,4.0,신등초등학교,대산면,128.698575,35.32071401
379002013,65,65,3.0,신등초등학교,대산면,128.6985482,35.32086303
379002014,74,74,4.0,상등,대산면,128.7012666,35.32366564
379002015,65,65,3.0,상등,대산면,128.701118,35.3236771
379002016,74,74,4.0,장등,대산면,128.7051003,35.32902379
379002017,65,65,3.0,장등,대산면,128.704994,35.32907794
379002018,67,67,5.0,남모산종점,대산면,128.7117882,35.35845392
379002019,69,69,5.0,남모산종점,대산면,128.7116763,35.35871932
379002020,24,24,4.0,제동마을,대산면,128.7091991,35.33214061
379002022,7,7,1.0,상포,대산면,128.7132927,35.32304532
379002030,11,11,2.0,월림마을,대산면,128.7314099,35.3305375
379002031,24,24,4.0,유청,대산면,128.7434867,35.34297155
379002032,24,24,4.0,유청,대산면,128.7435129,35.343146
379002035,154,134,6.0,송정주공아파트,동읍,128.7014941,35.2785644
379002036,154,134,6.0,성진3차아파트,동읍,128.7061367,35.27514096
379002064,139,106,4.0,호계중학교,내서읍,128.5176,35.26645846
379002066,525,366,12.0,불모산종점,불모산동,128.723591,35.190187
379002068,10,10,2.0,좌곤육교,미상,128.7078452,35.29285749
379002069,10,10,2.0,좌곤,미상,128.707516,35.2967751
379002070,10,10,2.0,대근아파트,미상,128.7107444,35.30277608
379002072,10,10,2.0,삼성아파트,미상,128.7235322,35.30376315
379002075,10,10,2.0,중구,미상,128.7287304,35.30347956
379002076,10,10,2.0,진영농협(진영전통시장),미상,128.7329312,35.3029121
379002077,14,14,3.0,진영시외주차장,미상,128.7360262,35.30259912
379002078,10,10,2.0,제일고등학교,미상,128.7410635,35.30210067
379002079,10,10,2.0,기영아파트,미상,128.7463525,35.30170109
379002080,10,10,2.0,용전마을,미상,128.7501323,35.30109321
379002084,10,10,2.0,제암요양병원,미상,128.7540295,35.3000526
379002085,10,10,2.0,기영아파트,미상,128.7463255,35.30182864
379002086,10,10,2.0,진영제일고등학교,미상,128.7412481,35.3022112
379002087,14,14,3.0,진영시외주차장,미상,128.7360659,35.30272684
379002088,10,10,2.0,진영농협(진영전통시장),미상,128.7333679,35.30299519
379002089,10,10,2.0,중구,미상,128.7288571,35.3033606
379002090,10,10,2.0,삼성아파트,미상,128.7234197,35.30390025
379002091,10,10,2.0,부곡,미상,128.7187845,35.30462431
379002092,10,10,2.0,거성아파트,미상,128.7144713,35.30485908
379002093,10,10,2.0,좌곤,미상,128.7072973,35.29680505
379002094,10,10,2.0,좌곤육교,미상,128.7076711,35.29260144
379002096,10,10,2.0,신용삼거리,미상,128.7607373,35.29667903
379002097,152,124,4.0,봉곡상가,봉곡동,128.6704472,35.24759944
379002173,24,24,4.0,유등,대산면,128.7456067,35.34506786
379002174,24,24,4.0,유등,대산면,128.7455334,35.34495861
379002189,12,12,1.0,월계마을회관,북면,128.6392429,35.34789795
379002191,12,12,1.0,마산리경로당,북면,128.6215989,35.34230121
379002192,12,12,1.0,마산리경로당,북면,128.6228557,35.34093702
379002200,44,0,4.0,삼우정밀,신촌동,128.6444745,35.20753899
379002201,44,0,4.0,대원기전,신촌동,128.6417999,35.20887801
379002204,44,0,4.0,대동정밀,신촌동,128.6437632,35.21171143
379002205,44,0,4.0,윤화스너,신촌동,128.6470042,35.21128043
379002206,44,0,4.0,대영정공,웅남동,128.6526414,35.20642049
379002208,44,0,4.0,삼현정밀,웅남동,128.6516205,35.20978182
379002210,44,0,4.0,미래기전,웅남동,128.6560212,35.20777474
379002211,28,22,1.0,LG산전,성산동,128.6710548,35.20226372
379002222,44,0,4.0,경남스틸,웅남동,128.6551298,35.20682507
379002227,44,0,4.0,화천기전,신촌동,128.6403547,35.20755076
379002249,58,40,1.0,삼문마을,미상,128.8103422,35.1923424
379002250,58,40,1.0,삼문마을,미상,128.8102605,35.19243106
379002258,4,4,1.0,오곡,북면,128.5787941,35.37522164
379002259,6,6,1.0,오곡,북면,128.5786577,35.37514561
379002263,19,23,2.0,완암사거리,미상,128.6592309,35.21083254
379002264,19,22,2.0,완암사거리,미상,128.6589757,35.21097572
379002265,19,23,2.0,연덕로,미상,128.6657748,35.21858555
379002266,19,22,2.0,연덕로,미상,128.665589,35.2187661
379002272,19,14,1.0,남산고등학교,가음동,128.7011222,35.20267443
379002280,58,40,1.0,불모산,불모산동,128.7249022,35.19074116
379002283,58,40,1.0,쌍용예가,미상,128.8144022,35.19534193
379002284,58,40,1.0,무계교,미상,128.8164572,35.19726743
379002285,58,40,1.0,대동2단지,미상,128.8064105,35.20462297
379002287,485,357,10.0,우영프라자,사림동,128.6878946,35.24168206
379002296,220,157,5.0,삼정자중학교,성주동,128.7129596,35.20227347
379002297,282,193,6.0,경남테크노파크,소계동,128.6067947,35.254398
379002299,126,92,4.0,명서로입구,명서동,128.6466131,35.24593238
379002305,31,26,1.0,한림푸르지오,성주동,128.7083035,35.2017211
379002306,30,25,1.0,한림푸르지오,성주동,128.7081493,35.2017233
379002315,6,0,1.0,중앙정밀,팔용동,128.6188869,35.24983054
379002316,15,0,2.0,삼광3공장,팔용동,128.6211646,35.2485124
379002317,15,0,2.0,삼광기계,팔용동,128.6230116,35.24744869
379002318,15,0,2.0,삼광정밀,팔용동,128.6251025,35.24626554
379002319,15,0,2.0,신진기업,팔용동,128.6272299,35.24505495
379002320,15,0,2.0,코리아펀치,팔용동,128.6279649,35.24411822
379002321,15,0,2.0,에스아이텍,팔용동,128.6254619,35.24544942
379002322,15,0,2.0,SCC㈜,팔용동,128.6229509,35.24687882
379002323,15,0,2.0,삼현철강,팔용동,128.6208018,35.24810539
379002324,15,0,2.0,창일기계,팔용동,128.6184502,35.24943044
379002335,15,0,2.0,KPE,팔용동,128.6150498,35.24676579
379002336,15,0,2.0,코리아전자,팔용동,128.6156478,35.24424676
379002337,15,0,2.0,대호테크,팔용동,128.618778,35.24244
379002338,15,0,2.0,미래산업,팔용동,128.6214161,35.24096959
379002339,15,0,2.0,SG서보,팔용동,128.6261514,35.23984739
379002340,15,0,2.0,칠성산업,팔용동,128.6288487,35.23828876
379002341,15,0,2.0,화신케미칼,팔용동,128.6322551,35.23765932
379002344,9,0,1.0,인화정공,팔용동,128.6306418,35.23862084
379002345,15,0,2.0,부국정공,팔용동,128.6279367,35.24019586
379002346,15,0,2.0,동민정공,팔용동,128.6259557,35.24130811
379002347,15,0,2.0,팔룡119안전센터,팔용동,128.6228506,35.24308101
379002349,15,0,2.0,신흥글로벌,팔용동,128.6207941,35.24425046
379002351,15,0,2.0,동우기계공업,팔용동,128.6171234,35.24636628
379002355,303,219,9.0,호계농협,내서읍,128.5226522,35.25995544
379002356,232,216,24.0,진동환승센터,진동면,128.4846964,35.11529479
379002359,38,0,1.0,창원칸타빌오션뷰,산호동,128.5856748,35.2108654
379002361,38,0,1.0,제3부두,양덕동,128.5911009,35.21097795
379002364,38,0,1.0,자유무역관리원삼거리,양덕동,128.5945248,35.21103735
379002367,38,0,1.0,한전봉암변전소,봉암동,128.6002461,35.2131259
379002369,38,0,1.0,봉암우체국,봉암동,128.6001842,35.21524843
379002370,74,51,2.0,벽산블루밍,미상,128.5209452,35.27699312
379002371,74,51,2.0,벽산블루밍종점,미상,128.5183646,35.27739731
379002372,38,0,1.0,㈜동방,봉암동,128.6001026,35.21766236
379002374,72,50,2.0,호곡,미상,128.5155313,35.27796006
379002375,116,98,1.0,협성아파트,소계동,128.6003952,35.25756493
379002376,72,50,2.0,호곡,미상,128.5155702,35.2778334
379002377,72,50,2.0,벽산블루밍종점,미상,128.5183264,35.27726711
379002378,116,98,1.0,경상고등학교,소계동,128.5982512,35.25968044
379002382,128,128,13.0,용잠3구,동읍,128.6845954,35.27813695
379002383,73,73,10.0,창원공고.홈플러스,명서동,128.6448892,35.2344804
379002384,127,89,3.0,안민터널,석동,128.6980632,35.1596246
379002386,72,50,2.0,벽산블루밍,미상,128.5200239,35.27692193
379002387,72,50,2.0,자이아파트,미상,128.5228293,35.27605989
379002388,74,51,2.0,자이아파트정문,미상,128.5262992,35.27361444
379002389,72,50,2.0,자이아파트입구,미상,128.5259075,35.27126959
379002390,74,51,2.0,하은교회,미상,128.5300568,35.26879753
379002391,7,7,1.0,한주아파트,내서읍,128.5203213,35.24820274
379002392,346,255,12.0,한주아파트입구,내서읍,128.5203514,35.24866654
379002393,398,306,15.0,내서여고,내서읍,128.5044232,35.23689143
379002394,300,223,11.0,우리누리청소년문화센터,합성동,128.5893764,35.24006492
379002395,242,171,9.0,우리누리청소년문화센터,합성동,128.589884,35.24046937
379002397,9,9,2.0,한주아파트,내서읍,128.5195773,35.24839968
379002398,7,7,1.0,두릉마을종점,예곡동,128.5354089,35.17719573
379002399,9,9,1.0,새몰마을,예곡동,128.5403775,35.17728883
379002400,9,9,1.0,예곡마을,예곡동,128.5457787,35.17018909
379002401,9,9,1.0,율곡마을,예곡동,128.5539404,35.16792395
379002402,387,249,11.0,문화방송,양덕동,128.5805716,35.22483067
379002409,338,230,7.0,성산구청,성주동,128.7035615,35.19852031
379002410,358,244,8.0,성산구청,남산동,128.7036404,35.19887318
379002411,116,98,1.0,소계갓등1길,소계동,128.599756,35.25825416
379002412,116,98,1.0,한보아파트,소계동,128.5971766,35.25900969
379002415,116,98,1.0,구암한우아파트,구암동,128.5959526,35.25771784
379002416,116,98,1.0,경남아파트,구암동,128.5967508,35.25683837
379002418,116,98,1.0,소계시장,소계동,128.5995692,35.25690219
379002421,311,227,10.0,코오롱아파트,내서읍,128.5258102,35.26556744
379002422,429,381,11.0,속천종점,태평동,128.6696636,35.14445789
379002423,430,376,11.0,속천종점,태평동,128.6701112,35.14432143
379002425,430,309,11.0,해군아파트,태평동,128.6660237,35.14565069
379002426,429,308,11.0,해군아파트,태평동,128.6662255,35.14542973
379002427,430,309,11.0,진해남산초등학교,태평동,128.6635243,35.14593598
379002428,429,308,11.0,진해남산초등학교,태평동,128.6640083,35.14564605
379002430,96,71,3.0,중원로터리,창선동,128.6583068,35.14957243
379002431,95,70,3.0,중원로터리,대천동,128.658926,35.14938644
379002433,247,174,5.0,공설운동장,수송동,128.6562413,35.14997641
379002434,151,103,2.0,공설운동장,수송동,128.6560014,35.14981468
379002435,247,174,5.0,중앙동민원센터,수송동,128.6562012,35.15206943
379002436,246,173,5.0,중앙동민원센터,수송동,128.6559341,35.15185034
379002438,109,72,2.0,미고문단앞,여좌동,128.6561422,35.15474643
379002439,108,71,2.0,미고문단앞,현동,128.6558392,35.15521043
379002441,109,72,2.0,진해여고후문,여좌동,128.6576632,35.15686214
379002443,108,71,2.0,진해여고후문,여좌동,128.6579223,35.15724943
379002448,228,180,7.0,중앙시장,충무동,128.666584,35.15197187
379002450,56,42,1.0,덕산시장,덕산동,128.7028592,35.14652261
379002451,56,42,1.0,덕산시장,덕산동,128.7027368,35.14666659
379002453,56,42,1.0,자은교,자은동,128.7048052,35.14581243
379002454,56,42,1.0,자은교,자은동,128.7049406,35.14570105
379002455,56,42,1.0,덕산초등학교,자은동,128.7048958,35.14438215
379002456,56,42,1.0,덕산초등학교,자은동,128.7050462,35.14447443
379002457,56,42,1.0,동진여중,자은동,128.7051642,35.14319743
379002458,56,42,1.0,동진여중,자은동,128.7049859,35.14317048
379002459,56,42,1.0,풍호농협,자은동,128.7053501,35.1401715
379002460,56,42,1.0,풍호농협,자은동,128.7051776,35.14011589
379002462,32,27,1.0,협성DS이아이존빌A,자은동,128.7048451,35.1399732
379002463,32,27,1.0,우성아파트후문,자은동,128.7049796,35.13970694
379002464,88,69,2.0,우성아파트앞,풍호동,128.7020881,35.13979934
379002466,191,125,4.0,풍호동사거리,풍호동,128.7083817,35.13548314
379002468,147,107,2.0,진해구청,풍호동,128.7103612,35.13520143
379002469,147,107,2.0,진해구청,풍호동,128.7102747,35.13532748
379002470,147,107,2.0,시영아파트,풍호동,128.7111582,35.13654843
379002471,147,107,2.0,시영아파트,풍호동,128.7110205,35.13649528
379002473,151,106,3.0,장천종점,장천동,128.7039474,35.12937119
379002474,340,255,9.0,장천초교입구,장천동,128.7036671,35.12949416
379002475,340,255,9.0,아랫장천,장천동,128.7006527,35.12778104
379002476,340,255,9.0,아랫장천,장천동,128.7005296,35.12750327
379002477,340,255,9.0,행암입구,행암동,128.7004903,35.11917321
379002478,340,255,9.0,행암입구,행암동,128.700372,35.11849894
379002479,97,73,4.0,행암동,행암동,128.7011183,35.11629237
379002480,97,73,4.0,행암동종점,행암동,128.7009599,35.11627819
379002481,69,45,3.0,예비군관리대,행암동,128.7000576,35.11379951
379002482,69,45,3.0,예비군관리대,행암동,128.7000264,35.11367179
379002484,69,45,3.0,합계마을,원포동,128.7035749,35.10936391
379002485,69,45,3.0,합계마을,원포동,128.7034563,35.10931121
379002487,30,20,1.0,수치,원포동,128.7062654,35.10655109
379002488,30,20,1.0,수치,원포동,128.7061439,35.10648881
379002489,30,20,1.0,케이조선서문,원포동,128.7083095,35.10790724
379002490,30,20,1.0,케이조선서문,원포동,128.7080033,35.10794479
379002491,30,20,1.0,케이조선북문,원포동,128.7161012,35.11193143
379002492,30,20,1.0,케이조선북문,원포동,128.7159107,35.11178431
379002494,37,27,2.0,케이조선정문,죽곡동,128.7194519,35.11049049
379002495,37,27,2.0,케이조선정문,원포동,128.7193497,35.11061413
379002496,37,27,2.0,죽곡마을,죽곡동,128.7165057,35.1047582
379002497,37,27,2.0,죽곡마을,원포동,128.7163406,35.10476383
379002498,37,27,2.0,오리엔탈정공,명동,128.717686,35.10106732
379002499,37,27,2.0,오리엔탈정공,명동,128.7174835,35.10100999
379002500,37,27,2.0,명동입구,명동,128.717598,35.09834466
379002501,37,27,2.0,명동입구,명동,128.7179628,35.09816343
379002502,37,27,2.0,명동,명동,128.7194013,35.09753564
379002503,37,27,2.0,명동,명동,128.7194123,35.09764759
379002504,37,27,2.0,해양공원입구,명동,128.722281,35.09773441
379002505,37,27,2.0,해양공원입구,명동,128.7226379,35.09754401
379002506,37,27,2.0,삼포입구,명동,128.7281015,35.09541171
379002507,37,27,2.0,삼포,명동,128.7279176,35.09535236
379002508,30,20,1.0,삼포노래비,명동,128.7311388,35.09678553
379002509,30,20,1.0,삼포노래비,명동,128.7314105,35.09695905
379002511,30,20,1.0,괴정.제덕,제덕동,128.742951,35.10037473
379002512,30,20,1.0,괴정.제덕,제덕동,128.7429096,35.100225
379002514,37,27,2.0,제덕만택지,제덕동,128.7443564,35.1018777
379002515,37,27,2.0,제덕만택지,제덕동,128.7442879,35.10206627
379002518,37,27,2.0,남문동,남문동,128.7507717,35.10732933
379002520,65,45,2.0,웅천시장입구,남문동,128.751843,35.11019277
379002522,35,25,1.0,웅천시장입구,남문동,128.7516853,35.11017751
379002523,65,45,2.0,웅천우체국,성내동,128.7516502,35.11214381
379002525,151,110,5.0,웅천성내,성내동,128.7502066,35.11367408
379002527,186,136,7.0,웅천성내,북부동,128.7490438,35.11367648
379002528,133,98,5.0,웅천치안센터,북부동,128.7479654,35.1133895
379002530,132,97,5.0,서중소류지,서중동,128.7411081,35.11312999
379002531,133,98,5.0,서중소류지,서중동,128.7406822,35.11298937
379002532,133,98,5.0,천자봉공원묘원,서중동,128.7319895,35.11118368
379002533,132,97,5.0,천자봉공원묘원,서중동,128.7316112,35.11127143
379002535,7,7,1.0,죽곡입구,죽곡동,128.7252453,35.11203446
379002537,164,114,5.0,케이조선입구,죽곡동,128.7235705,35.11344385
379002538,166,115,5.0,케이조선입구,죽곡동,128.7247747,35.11277634
379002540,125,90,4.0,만남의광장,원포동,128.7168005,35.12016186
379002541,126,91,4.0,만남의광장,장천동,128.7152112,35.12058143
379002543,175,125,5.0,상리마을,장천동,128.7120529,35.12530084
379002544,176,126,5.0,상리마을,장천동,128.7117681,35.12556635
379002545,179,129,6.0,진해구청,장천동,128.7095976,35.13004293
379002546,50,35,1.0,노인주간보호센터,미상,128.7094471,35.12971998
379002547,297,206,8.0,진해구청.장전주유소,장천동,128.7090786,35.13063091
379002551,45,45,1.0,중앙초교후문,태백동,128.6731244,35.15469082
379002552,45,45,1.0,중앙초교후문,태백동,128.6730275,35.15482069
379002553,45,45,1.0,원창시인의마을,태백동,128.6740713,35.15591576
379002554,45,45,1.0,원창시인의마을,태백동,128.6740757,35.15604514
379002555,45,45,1.0,경화포스코,경화동,128.6799932,35.15961514
379002556,45,45,1.0,경화포스코,경화동,128.6797601,35.15954465
379002557,45,45,1.0,경화대동다숲,경화동,128.6810826,35.16091587
379002558,45,45,1.0,경화대동다숲,경화동,128.6809769,35.16099864
379002559,45,45,1.0,삼정코아,경화동,128.6833698,35.16116158
379002560,45,45,1.0,삼정코아,경화동,128.6830941,35.16128549
379002562,45,45,1.0,경화두산위브아파트,경화동,128.6849148,35.16096615
379002563,45,45,1.0,경화두산위브아파트,경화동,128.6850883,35.1610408
379002564,45,45,1.0,경화가압장,경화동,128.6841943,35.15925071
379002565,45,45,1.0,경화가압장,경화동,128.6840822,35.15940443
379002567,45,45,1.0,안민터널,석동,128.6976974,35.15906291
379002569,45,45,1.0,우림필유,이동,128.6978881,35.15644815
379002570,45,45,1.0,우림필유,이동,128.6976636,35.1562804
379002571,45,45,1.0,남흥아파트,이동,128.6955297,35.15351647
379002572,45,45,1.0,남흥아파트,이동,128.6951363,35.15355071
379002574,45,45,1.0,이동택지사거리,이동,128.6916154,35.15134716
379002575,45,45,1.0,이동택지사거리,이동,128.6913092,35.15152843
379002577,45,45,1.0,에너지환경과학공원입구,경화동,128.6903474,35.14812207
379002578,45,45,1.0,에너지환경과학공원입구,경화동,128.6902929,35.14796809
379002579,45,45,1.0,진해루,경화동,128.6837605,35.14749939
379002580,45,45,1.0,진해루,경화동,128.6837151,35.14721634
379002581,109,72,2.0,여좌동행정복지센터,여좌동,128.6603101,35.15832782
379002582,108,71,2.0,여좌동행정복지센터,여좌동,128.6603908,35.1584742
379002585,109,72,2.0,여좌마을슈퍼,여좌동,128.6615458,35.16034209
379002586,108,71,2.0,여좌마을슈퍼,여좌동,128.6619308,35.16041017
379002588,153,199,4.0,북원로터리,충무동,128.6570433,35.15287036
379002589,153,199,4.0,북원로터리,충무동,128.6570953,35.15308978
379002590,149,109,5.0,농업기술센터,성내동,128.7546561,35.1148629
379002591,151,110,5.0,농업기술센터,성내동,128.7548252,35.11479152
379002592,136,95,4.0,호산나노인복지센터,성내동,128.7604443,35.11520529
379002593,134,94,4.0,호산나노인복지센터,성내동,128.7603947,35.11532513
379002594,96,71,3.0,평발마을,남양동,128.7657443,35.11517705
379002595,95,70,3.0,평발마을,남양동,128.7660904,35.1153513
379002597,96,71,3.0,아래평발,남양동,128.7688712,35.11505143
379002598,95,70,3.0,아래평발,남양동,128.7692667,35.11529152
379002599,95,70,3.0,월남마을,남양동,128.7753324,35.11893959
379002600,96,71,3.0,월남마을,남양동,128.7754297,35.11883892
379002601,151,110,5.0,STX아파트,남양동,128.7784691,35.12031897
379002602,149,109,5.0,STX아파트,남양동,128.778701,35.12066311
379002604,112,87,5.0,마천공단입구,남양동,128.7813139,35.12286205
379002605,113,88,5.0,마천공단입구,남양동,128.7815874,35.12277923
379002607,112,87,5.0,웅동,마천동,128.7827154,35.12515745
379002608,111,86,5.0,웅동,마천동,128.7825378,35.12527014
379002609,167,126,7.0,웅동농협앞,마천동,128.7851559,35.12416639
379002610,165,125,7.0,웅동농협앞,마천동,128.7852552,35.12430343
379002611,111,86,5.0,내곡마을,마천동,128.7876079,35.12298621
379002612,112,87,5.0,내곡마을,마천동,128.7877021,35.12275399
379002613,165,125,7.0,청안해오름,두동,128.7913856,35.1203499
379002614,167,126,7.0,청안해오름,두동,128.7918345,35.1198293
379002615,112,87,5.0,의곡마을,두동,128.7918748,35.11602463
379002616,111,86,5.0,의곡마을,두동,128.7920672,35.11627782
379002618,95,70,3.0,웅동중학교,두동,128.7934099,35.11555287
379002619,94,69,3.0,웅동중학교,두동,128.7933091,35.11567158
379002620,139,98,4.0,용원휴요양병원,두동,128.7965877,35.11647831
379002621,137,97,4.0,용원휴요양병원,두동,128.79671,35.11660358
379002624,84,59,2.0,공지곡,용원동,128.8039912,35.11329143
379002625,83,58,2.0,공지곡,용원동,128.8048512,35.11149303
379002627,139,98,4.0,해인로즈빌아파트,청안동,128.8050101,35.10728676
379002628,137,97,4.0,해인로즈빌아파트,청안동,128.8049955,35.10703863
379002630,95,70,4.0,부영2차아파트,청안동,128.8047932,35.10413222
379002631,94,69,4.0,부영3차아파트,청안동,128.8043972,35.10430161
379002633,150,109,6.0,안골포초등학교,청안동,128.8063782,35.10379943
379002634,155,115,7.0,안골포초등학교,용원동,128.8065832,35.10373599
379002635,150,109,6.0,코아루아파트,청안동,128.8062652,35.10157759
379002636,155,115,7.0,코아루아파트,용원동,128.8064851,35.10151315
379002638,95,70,4.0,안청초등학교,안골동,128.8074294,35.09988264
379002639,101,76,5.0,안청초등학교,용원동,128.8076506,35.09989936
379002643,7,7,1.0,용원하나로마트,용원동,128.8094675,35.10100298
379002650,155,115,7.0,웅동농협하나로마트,용원동,128.8099436,35.10054446
379002651,158,117,8.0,웅동농협하나로마트,용원동,128.8099264,35.10034009
379002652,103,78,6.0,용원복지회관,용원동,128.8125352,35.0998244
379002653,101,76,5.0,용원복지회관,용원동,128.8131606,35.09990394
379002655,155,115,7.0,웅동2동행정복지센터,용원동,128.8151162,35.09952843
379002656,158,117,8.0,웅동2동행정복지센터,용원동,128.8156102,35.09919443
379002657,101,76,5.0,용원초등학교,용원동,128.818492,35.09883756
379002658,103,78,6.0,용원초등학교,용원동,128.8181886,35.09869096
379002661,11,11,2.0,용원사거리,용원동,128.8205994,35.0976512
379002662,148,108,6.0,용원종점,용원동,128.820353,35.0965756
379002665,95,70,4.0,용원초교,용원동,128.8185754,35.09773577
379002666,23,23,3.0,안성마을,청안동,128.7931055,35.10387543
379002667,23,23,3.0,안성마을,청안동,128.7929982,35.1037644
379002669,23,23,3.0,안골입구,안골동,128.8020898,35.09641411
379002673,22,22,2.0,안골버스회차지,안골동,128.7977546,35.09263885
379002674,12,12,1.0,안골버스회차지,미상,128.7977528,35.09292952
379002677,166,111,3.0,대동다숲.마린푸르지오2단지,장천동,128.7063966,35.13013573
379002680,92,65,2.0,자은주공후문,자은동,128.708536,35.15095658
379002681,92,65,2.0,자은주공후문,자은동,128.7083588,35.15098391
379002682,92,65,2.0,대동빌라트2차,자은동,128.7102512,35.15260143
379002683,92,65,2.0,대동빌라트2차,자은동,128.7101864,35.15268925
379002686,92,65,2.0,석동그린빌2단지,석동,128.7094012,35.15424143
379002687,92,65,2.0,석동그린빌2단지,자은동,128.7094335,35.15409548
379002688,92,65,2.0,자은농협,석동,128.707192,35.15334068
379002689,92,65,2.0,자은농협,자은동,128.7070952,35.15314589
379002691,151,103,2.0,블루빌아파트,중평동,128.6577394,35.14782328
379002692,151,103,2.0,블루빌아파트,송죽동,128.6575634,35.1476447
379002693,309,223,6.0,자은본동교차로,자은동,128.7071925,35.14162494
379002694,228,180,7.0,중앙시장입구,화천동,128.6633726,35.15136482
379002695,183,135,6.0,중앙시장입구,화천동,128.6631132,35.15149043
379002696,183,135,6.0,중원쉼터,평안동,128.6603762,35.14993253
379002697,228,180,7.0,장난감도서관,통신동,128.6604608,35.14971803
379002700,11,11,2.0,용원삼거리,용원동,128.8220687,35.10078067
379002701,11,11,2.0,용원삼거리,용원동,128.821885,35.10084503
379002703,11,11,2.0,용재,미상,128.8246836,35.10225168
379002707,11,11,2.0,구)검문소,미상,128.8396473,35.10158038
379002711,11,11,2.0,가주동,가주동,128.8373885,35.10351548
379002713,11,11,2.0,가주동시내버스회차지,가주동,128.8384582,35.1120361
379002715,11,11,2.0,주포종점,가주동,128.835746,35.1202
379002723,11,11,2.0,부암마을,마천동,128.7838969,35.13322264
379002725,11,11,1.0,대장동종점,대장동,128.7775578,35.14270973
379002726,22,22,2.0,소사마을,미상,128.7773937,35.12827366
379002732,17,17,2.0,마천산업단지,남양동,128.7817536,35.11749153
379002734,11,11,1.0,정혜원,남양동,128.7809665,35.112505
379002735,11,11,1.0,정혜원,남양동,128.7811467,35.11242292
379002739,11,11,1.0,영길,남양동,128.7825241,35.11269904
379002743,37,27,2.0,웅천동행정복지센터,성내동,128.7498716,35.1110211
379002747,7,7,1.0,제덕노인회관,제덕동,128.7425399,35.10483216
379002750,7,7,1.0,괴정마을,제덕동,128.7454653,35.10125747
379002751,7,7,1.0,괴정마을,제덕동,128.7457616,35.10111947
379002753,7,7,1.0,수도마을,제덕동,128.7462772,35.08557099
379002758,96,71,4.0,사도마을,남문동,128.7590704,35.10577397
379002760,14,14,1.0,와성마을,남문동,128.7633284,35.10145607
379002766,171,121,6.0,어은동,죽곡동,128.7288154,35.11469672
379002781,347,321,8.0,중앙시장,충무동,128.6666996,35.15196251
379002790,23,23,3.0,청천마을,청안동,128.8009804,35.10001202
379002791,23,23,3.0,청천마을,청안동,128.8012008,35.10001561
379002792,11,11,2.0,용원종점,용원동,128.8201612,35.09658943
379002793,7,7,1.0,제덕노인회관,제덕동,128.7424701,35.10492744
379002794,157,111,6.0,사도마을,남문동,128.759105,35.10585458
379002799,268,215,11.0,소계종점,소계동,128.6031322,35.25887602
379002800,239,171,6.0,유니온빌리지,성주동,128.7143041,35.19813047
379002801,215,155,5.0,유니온빌리지,성주동,128.7150985,35.19792615
379002802,215,155,5.0,프리빌리지2차아파트,성주동,128.716471,35.19538528
379002803,239,171,6.0,프리빌리지2차아파트,성주동,128.7165975,35.19529289
379002835,94,70,2.0,상곡시장,내서읍,128.5017924,35.24309863
379002836,94,70,2.0,상곡시장,내서읍,128.5008084,35.24362388
379002837,152,107,4.0,내서운동장,내서읍,128.5038479,35.2263555
379002838,81,75,3.0,이미지아파트,내서읍,128.5040882,35.22550662
379002839,166,111,3.0,대동다숲.마린푸르지오2단지,장천동,128.7057152,35.12988072
379002840,166,111,3.0,벽산솔렌스힐아파트,장천동,128.7098701,35.13066931
379002850,8,8,2.0,동방물류센터,용원동,128.8176156,35.08617668
379002857,8,8,2.0,한진해운,안골동,128.7847656,35.08294106
379002858,13,13,2.0,막개,진전면,128.4359574,35.06711193
379002859,12,12,2.0,막개,진전면,128.4359012,35.06719371
379002860,361,267,13.0,한주아파트,내서읍,128.5200778,35.24872953
379002861,371,268,8.0,여좌농협,여좌동,128.6648337,35.15477057
379002862,370,268,8.0,여좌농협,여좌동,128.66473,35.15516826
379002863,69,69,5.0,신성,대산면,128.6961091,35.36775567
379002866,9,9,1.0,교동마을입구,진동면,128.4971136,35.11860781
379002867,9,9,1.0,교동마을입구,진동면,128.4974822,35.11861242
379002868,9,9,1.0,교동마을회관,진동면,128.501035,35.11765271
379002869,23,23,1.0,금강테니스장,합성동,128.5860753,35.24635895
379002870,23,23,1.0,합성북18길,합성동,128.5833259,35.24538013
379002872,23,23,1.0,합성성진아파트,합성동,128.5814127,35.24489316
379002873,23,23,1.0,합성북18길,합성동,128.5830461,35.24521943
379002874,23,23,1.0,금강테니스장,합성동,128.585867,35.24612714
379002877,18,18,1.0,근곡마을,진전면,128.445919,35.11421248
379002879,56,56,2.0,진해수협웨딩홀,대죽동,128.6711419,35.1413643
379002881,56,56,2.0,속천어촌계,대죽동,128.6727649,35.13971743
379002882,56,56,2.0,진해수협웨딩홀,대죽동,128.6712943,35.14143881
379002886,72,72,2.0,휴먼시아2단지,봉림동,128.6679481,35.25143982
379002887,72,72,2.0,휴먼시아1단지,봉림동,128.6692067,35.2525819
379002888,72,72,2.0,휴먼시아2단지입구,봉림동,128.6668093,35.25096392
379002889,11,11,1.0,수치마을,원포동,128.703768,35.10617489
379002891,11,11,1.0,학개마을,원포동,128.6967218,35.10058752
379002892,11,11,1.0,수치마을,원포동,128.7037421,35.10606257
379002898,27,27,2.0,임곡마을,진전면,128.4340025,35.11094897
379002900,27,27,2.0,임곡마을,진전면,128.4338808,35.11087702
379002909,262,197,6.0,목장입구,양곡동,128.6426833,35.17993204
379002910,67,47,1.0,도원예식장,합성동,128.5820776,35.23557924
379002911,281,207,5.0,산상교회,태백동,128.6772557,35.15664596
379002912,94,88,8.0,행복한병원,북면,128.6026596,35.32359299
379002913,95,88,8.0,행복한병원,북면,128.6026229,35.32327123
379002981,20,20,2.0,새주막,내서읍,128.5089781,35.26127281
379002982,20,20,2.0,용담,내서읍,128.5053173,35.26467719
379002983,20,20,2.0,새터,내서읍,128.5031832,35.26780744
379002985,15,15,2.0,수곡종점,내서읍,128.5006489,35.27043328
379002986,15,15,2.0,새터,내서읍,128.5033459,35.26753028
379002987,15,15,2.0,용담,내서읍,128.5052311,35.26476838
379002988,15,15,2.0,새주막,내서읍,128.5087783,35.26131167
379003010,168,153,16.0,현동입구,우산동,128.5490456,35.15376137
379003011,245,182,9.0,자동차부품혁신센터,내서읍,128.5079469,35.2382155
379003012,237,175,9.0,자동차부품혁신센터,내서읍,128.5084552,35.23846885
379003013,79,79,5.0,동월마을,동읍,128.6808398,35.30597605
379003014,79,79,5.0,동월마을,동읍,128.6809739,35.30589847
379003015,79,79,5.0,판신마을,동읍,128.691649,35.30915734
379003016,79,79,5.0,판신마을,동읍,128.6919762,35.30916925
379003018,13,13,1.0,내포마을회관,구산면,128.5794074,35.09833014
379003019,173,122,6.0,어은동,죽곡동,128.728962,35.11450082
379003023,35,35,1.0,쌀재터널입구,내서읍,128.5240292,35.19868156
379003024,79,79,7.0,제동마을,대산면,128.7088713,35.33254437
379003055,17,17,2.0,우산초등학교,진동면,128.4785482,35.10446315
379003056,17,17,2.0,우산초등학교,진동면,128.4786182,35.10456143
379003058,12,12,1.0,봉곡리회관,동읍,128.6549127,35.34187517
379003062,28,28,3.0,대산미곡처리장,대산면,128.7143079,35.3269533
379003063,35,35,5.0,대산미곡처리장,대산면,128.7151965,35.32649774
379003065,17,17,1.0,중포회관,대산면,128.7225059,35.32256514
379003066,17,17,1.0,중포마을,대산면,128.719311,35.32604697
379003068,70,65,6.0,진동유엔아이APT,진동면,128.4880489,35.12171519
379003069,69,64,6.0,진동유엔아이APT,진동면,128.4878464,35.12167442
379003070,10,10,1.0,금산1반,진북면,128.4456952,35.14875388
379003071,10,10,1.0,금산1반,진북면,128.4455914,35.14864435
379003072,232,184,13.0,달천산림욕장,북면,128.6128209,35.28342162
379003073,13,13,3.0,백암,진전면,128.3843567,35.14809733
379003074,15,15,3.0,백암,진전면,128.3843215,35.14821861
379003075,13,13,3.0,진로마산공장,진전면,128.3905756,35.15045073
379003076,15,15,3.0,진로마산공장,진전면,128.3903112,35.15050391
379003077,17,17,2.0,현대사랑병원,진북면,128.4469157,35.13178283
379003078,17,17,2.0,숲안,진북면,128.4483618,35.12900319
379003079,17,17,2.0,동삼마을,진북면,128.4520156,35.12192629
379003080,17,17,2.0,함박골,진북면,128.4505434,35.12620878
379003081,17,17,2.0,들담,진북면,128.4433059,35.12448052
379003082,17,17,2.0,들담,진북면,128.4432719,35.12443606
379003085,24,24,6.0,광암마을,진동면,128.4961289,35.10663543
379003086,25,25,5.0,광암마을,진동면,128.4962032,35.10637652
379003088,24,24,6.0,드라마세트장,구산면,128.5442753,35.11090243
379003089,25,25,5.0,드라마세트장,구산면,128.5441754,35.11082945
379003090,17,17,3.0,유등종점,대산면,128.7493036,35.34515454
379003092,2,2,1.0,외추,진북면,128.4794641,35.15712294
379003093,2,2,1.0,외추,진북면,128.4793779,35.15719082
379003094,62,57,2.0,예곡,예곡동,128.5416989,35.17096732
379003095,63,57,2.0,예곡,예곡동,128.5411393,35.17048238
379003096,63,57,2.0,두릉마을,예곡동,128.5369725,35.17688353
379003097,62,57,2.0,두릉마을,예곡동,128.536411,35.17679152
379003098,81,75,3.0,감천교,내서읍,128.5093991,35.21011466
379003099,80,75,3.0,감천교,내서읍,128.5093804,35.20999323
379003100,80,75,3.0,광려중학교,내서읍,128.5034909,35.21761222
379003101,80,75,3.0,전안마을,내서읍,128.5051925,35.21527711
379003102,51,51,8.0,주남삼거리,동읍,128.6697941,35.29932868
379003103,51,51,8.0,주남삼거리,동읍,128.6698328,35.29943849
379003104,67,67,5.0,삼봉마을,대산면,128.7075872,35.33230974
379003105,65,65,5.0,삼봉마을,대산면,128.7076453,35.33240453
379003106,20,20,4.0,동부마을,대산면,128.727419,35.34600761
379003107,13,13,3.0,동부마을,대산면,128.7274604,35.34611053
379003108,13,13,3.0,우암마을,대산면,128.7259923,35.33863166
379003109,13,13,3.0,우암마을,대산면,128.7257555,35.33886435
379003110,13,13,3.0,덕현마을,대산면,128.7264512,35.33611285
379003111,13,13,3.0,덕현마을,대산면,128.7265458,35.33587367
379003112,67,67,5.0,당리,대산면,128.6914823,35.36764786
379003113,79,79,5.0,가월윗담,동읍,128.67292,35.3026771
379003114,79,79,5.0,가월윗담,동읍,128.672971,35.30256926
379003115,136,136,14.0,덕천마을,동읍,128.6842173,35.27884494
379003116,69,69,5.0,북모산마을,대산면,128.7129139,35.35754741
379003117,69,69,5.0,제1수산교,대산면,128.6998455,35.36715568
379003118,79,79,6.0,갈전운동장,대산면,128.6804893,35.36643926
379003119,83,83,7.0,상리,대산면,128.6778344,35.36609035
379003121,14,14,3.0,어유골,북면,128.5878745,35.35844965
379003122,14,14,3.0,어유골,북면,128.5876874,35.35835988
379003123,4,4,1.0,삼원효도마을,북면,128.5747633,35.36107065
379003124,4,4,1.0,삼원효도마을,북면,128.5748677,35.36091805
379003125,21,21,2.0,북면새터,북면,128.5957601,35.29515177
379003126,21,21,2.0,중방마을,북면,128.5937771,35.29831782
379003127,21,21,2.0,동전회관,북면,128.5966368,35.31643282
379003128,21,21,2.0,동전회관,북면,128.5966153,35.31651356
379003129,132,90,4.0,북면양촌,북면,128.5894116,35.32889005
379003130,129,89,4.0,신동,북면,128.6002146,35.33046039
379003131,11,11,2.0,승산,북면,128.6245216,35.3027572
379003132,11,11,2.0,승산,북면,128.6246202,35.30286779
379003133,11,11,2.0,갈전마을,북면,128.6204405,35.30248347
379003134,11,11,2.0,갈전마을,북면,128.6205108,35.30258261
379003135,11,11,2.0,화산마을,북면,128.6097975,35.29822726
379003136,11,11,2.0,화산마을,북면,128.6098284,35.29812096
379003137,208,161,9.0,북면종점,북면,128.6116525,35.35357783
379003138,208,161,9.0,북면종점,북면,128.6115508,35.35341769
379003139,11,11,2.0,지개리,북면,128.6140812,35.28660414
379003140,14,14,3.0,내산,북면,128.5908744,35.37570752
379003141,234,180,12.0,동전,북면,128.6037841,35.31770367
379003142,71,71,6.0,신전,대산면,128.6740781,35.36709605
379003143,17,17,3.0,신전입구,대산면,128.6718087,35.36642842
379003144,17,17,3.0,하옥정,동읍,128.667054,35.3688284
379003145,16,16,3.0,상옥정,동읍,128.6612602,35.37033745
379003146,24,24,4.0,죽동당산마을,동읍,128.6829137,35.35379865
379003147,24,24,4.0,죽동당산마을,동읍,128.6826713,35.353786
379003148,24,24,4.0,구산마을입구,동읍,128.6862284,35.35535874
379003149,24,24,4.0,구산마을입구,동읍,128.686121,35.35536333
379003150,10,10,2.0,부곡,미상,128.7195954,35.30440965
379003151,10,10,2.0,용전마을,미상,128.750424,35.3011471
379003152,10,10,2.0,제암요양병원,미상,128.7536606,35.30007821
379003153,10,10,2.0,신용삼거리,미상,128.7608444,35.29649839
379003155,5,5,1.0,전촌입구,동읍,128.6560472,35.35739268
379003156,5,5,1.0,전촌입구,동읍,128.6561347,35.35727224
379003157,5,5,1.0,달천,동읍,128.6617382,35.35942079
379003158,5,5,1.0,달천,동읍,128.6616531,35.35951899
379003159,5,5,1.0,노옥마을,동읍,128.6689229,35.35933781
379003160,5,5,1.0,노옥마을,동읍,128.668754,35.35940961
379003161,19,19,3.0,평리,대산면,128.6825561,35.36322551
379003162,9,9,2.0,평리,대산면,128.6819648,35.36319659
379003163,40,40,3.0,본포,동읍,128.6465367,35.36671791
379003164,32,43,4.0,신촌마을,구산면,128.5831201,35.09550118
379003165,152,129,7.0,덕동입구,덕동동,128.572516,35.13725962
379003166,155,131,7.0,덕동입구,덕동동,128.5727044,35.13723556
379003167,11,22,1.0,수밭골,구산면,128.5756175,35.08668886
379003168,12,23,2.0,수밭골,구산면,128.5760049,35.08656905
379003169,16,16,1.0,안골,구산면,128.5985926,35.08294018
379003170,14,14,1.0,안골,구산면,128.5985232,35.08285105
379003171,14,14,1.0,궁개,구산면,128.6021612,35.07609092
379003172,16,16,1.0,궁개,구산면,128.6024015,35.07619535
379003173,14,14,2.0,상마전입구,구산면,128.536777,35.12307555
379003174,14,14,2.0,상마전입구,구산면,128.536877,35.12313096
379003175,14,14,2.0,상마전마을,구산면,128.5354259,35.12433685
379003176,14,14,2.0,상마전마을,구산면,128.535547,35.1239831
379003177,14,14,2.0,상마전종점,구산면,128.5320083,35.12982778
379003178,14,14,2.0,상마전종점,구산면,128.5318642,35.12985555
379003179,36,30,2.0,두산중공업입구,귀현동,128.5968052,35.18786099
379003180,36,30,2.0,두산중공업입구,귀곡동,128.5965453,35.18711918
379003181,36,30,2.0,귀산,귀산동,128.6131945,35.16362791
379003182,36,30,2.0,용호,귀곡동,128.5993113,35.16932578
379003183,36,30,2.0,용호입구,귀곡동,128.5952724,35.17215848
379003184,36,30,2.0,용호,귀곡동,128.5967926,35.17057378
379003185,36,30,2.0,두산중공업부두,귀곡동,128.5964553,35.17933146
379003186,311,225,10.0,코오롱아파트,내서읍,128.5253187,35.26488205
379003187,72,50,2.0,자이아파트정문,미상,128.5263434,35.27314444
379003188,74,51,2.0,자이아파트,미상,128.5228434,35.27631679
379003190,126,68,5.0,육호광장,상남동,128.5773583,35.21123625
379003192,30,20,1.0,웅천고등학교,성내동,128.7497744,35.11223697
379003193,281,207,5.0,태백사거리,경화동,128.6761699,35.15318065
379003194,11,11,1.0,영길운동장,남양동,128.7815376,35.11444431
379003195,11,11,1.0,영길운동장,남양동,128.7813323,35.11429654
379003196,44,0,4.0,반월길,신촌동,128.6356169,35.20602409
379003198,44,0,4.0,고려기업,신촌동,128.6348363,35.20854696
379003211,7,7,1.0,율곡마을,예곡동,128.5539247,35.16800802
379003212,7,7,1.0,예곡마을,예곡동,128.5458649,35.17024601
379003215,407,252,7.0,창원기계공구상가,차용동,128.6412156,35.23419725
379003216,110,100,9.0,오산마을,진동면,128.507745,35.14298583
379003217,168,153,16.0,태봉마을,진동면,128.5105696,35.14640089
379003218,11,11,2.0,화산마을입구,북면,128.6069402,35.29928055
379003219,11,11,2.0,화산마을입구,북면,128.6070512,35.29914311
379003220,7,7,1.0,옥계리,구산면,128.607908,35.09736772
379003221,6,6,1.0,옥계리,구산면,128.6074677,35.09757687
379003230,7,7,1.0,동곡,대산면,128.7333271,35.33608826
379003231,11,11,2.0,용등,대산면,128.7389686,35.32626584
379003232,11,11,2.0,신곡,대산면,128.7350428,35.3283058
379003239,8,8,2.0,부광산업,미상,128.824238,35.0960146
379003240,7,7,1.0,부광산업,미상,128.8245804,35.09619819
379003241,7,7,1.0,부산카프링,미상,128.8273472,35.09394438
379003242,8,8,2.0,부산카프링,미상,128.827504,35.09338228
379003243,7,7,1.0,(주)태광,미상,128.831487,35.09063786
379003244,8,8,2.0,(주)태광,미상,128.8312982,35.09031518
379003245,7,7,1.0,부산항홍보관,미상,128.8310546,35.08687056
379003246,8,8,2.0,부산항홍보관,미상,128.8308921,35.08705341
379003247,8,8,2.0,용원사거리,용원동,128.821258,35.09811841
379003248,7,7,1.0,용원사거리,용원동,128.8212631,35.09828723
379003249,26,21,1.0,창원역,동정동,128.6068586,35.25617247
379003250,152,106,5.0,휴먼빌2단지,북면,128.5839562,35.31955848
379003251,155,107,5.0,휴먼빌1단지,북면,128.5838751,35.31947617
379003252,69,69,5.0,신성주유소,대산면,128.7079881,35.36213678
379003253,67,67,5.0,신성주유소,대산면,128.7075771,35.36235582
379003254,5,5,1.0,신등초교,대산면,128.6983388,35.32086796
379003255,5,5,1.0,신등초교,대산면,128.6982524,35.32077974
379003256,21,21,2.0,곰티고개,내서읍,128.5447904,35.25165247
379003257,22,22,2.0,곰티고개,내서읍,128.5449417,35.25171471
379003258,36,30,2.0,마창대교,귀산동,128.5999369,35.16460807
379003259,36,30,2.0,마창대교,귀산동,128.6000771,35.16464047
379003261,91,58,3.0,해양신도시 서항1교,월포동,128.5680485,35.19236952
379003262,96,64,4.0,해양신도시 서항1교,월포동,128.5679309,35.19273294
379003263,135,65,4.0,이마트,중앙동,128.6793433,35.22663265
379003264,39,25,2.0,수치,원포동,128.7052081,35.1062103
379003265,39,25,2.0,수치,원포동,128.7053504,35.10619703
379003268,20,20,4.0,임곡삼거리,진전면,128.4297695,35.10567447
379003269,39,39,7.0,임곡삼거리,진전면,128.4308111,35.10633033
379003271,31,26,1.0,창원경상대병원동문,성주동,128.7089206,35.19964082
379003272,30,25,1.0,창원경상대병원동문,성주동,128.7087205,35.19972974
379003273,10,10,1.0,영학리,진북면,128.4291685,35.15810875
379003274,10,10,1.0,영학리,진북면,128.4290962,35.15800842
379003275,20,20,4.0,우암리,대산면,128.7185492,35.32910245
379003276,13,13,3.0,우암리,대산면,128.7187369,35.32903593
379003277,262,196,6.0,양곡로,양곡동,128.6353649,35.18955436
379003278,9,9,2.0,갈전리,대산면,128.6788298,35.36320356
379003279,19,19,3.0,갈전리,대산면,128.6788137,35.36310782
379003280,51,51,8.0,금산리,동읍,128.6685011,35.3277582
379003281,51,51,8.0,금산리,동읍,128.6685304,35.32767497
379003282,67,67,5.0,아름다운요양원,대산면,128.7045947,35.36488985
379003283,69,69,5.0,아름다운요양원,대산면,128.7047808,35.36484442
379003285,13,13,3.0,욱곡마을회관앞,구산면,128.5569553,35.09565434
379003286,167,121,6.0,힐스테이트1차,북면,128.5974387,35.30235358
379003287,170,122,6.0,감계휴먼빌,북면,128.5938615,35.30221691
379003288,9,9,1.0,야촌마을회관,진동면,128.4949625,35.11923491
379003289,9,9,1.0,야촌마을회관,진동면,128.4951077,35.11927125
379003290,31,31,5.0,행복가득한집,북면,128.6151133,35.35693384
379003291,32,32,5.0,행복가득한집,북면,128.6151584,35.35684895
379003292,262,196,6.0,무릉도원,여좌동,128.6620894,35.16401575
379003293,8,8,1.0,동읍보건지소,동읍,128.6884912,35.27968894
379003294,9,9,1.0,동읍보건지소,동읍,128.6885504,35.27952149
379003295,8,8,1.0,새마을금고,동읍,128.6860167,35.27894273
379003296,9,9,1.0,새마을금고,동읍,128.6860081,35.27882421
379003298,21,21,4.0,중동초등학교,중동,128.6258575,35.25900202
379003299,68,48,2.0,창원과학고등학교,중동,128.6224234,35.25541573
379003300,67,47,2.0,창원과학고등학교,중동,128.6232407,35.25588676
379003301,31,26,1.0,고향의봄도서관,팔용동,128.618673,35.25518428
379003302,30,25,1.0,고향의봄도서관,팔용동,128.618199,35.2552336
379003303,55,45,2.0,벽산블루밍아파트,팔용동,128.6129357,35.25900707
379003304,54,44,2.0,벽산블루밍아파트,팔용동,128.613475,35.25849744
379003306,520,363,12.0,불모산종점,불모산동,128.723547,35.190059
379003307,24,24,6.0,요장리,진동면,128.4924432,35.10928919
379003308,25,25,5.0,요장리,진동면,128.492531,35.10914163
379003312,11,11,1.0,몽카페,원포동,128.7009303,35.10424531
379003313,11,11,1.0,몽카페,원포동,128.700927,35.10413171
379003320,23,23,1.0,합성초등학교,합성동,128.5824392,35.2431629
379003321,23,23,1.0,합성초등학교,합성동,128.5827419,35.24333243
379003322,23,23,1.0,합성동무학아파트,합성동,128.5802099,35.23989201
379003324,146,100,4.0,푸르지오아파트,북면,128.58631,35.30034053
379003325,149,101,4.0,감계중학교,북면,128.5865042,35.30050134
379003326,123,83,3.0,조동,북면,128.5889645,35.29606579
379003327,126,84,3.0,조동,북면,128.5888149,35.29619655
379003328,146,100,4.0,중방마을회관,북면,128.5932433,35.29645933
379003329,149,101,4.0,중방마을회관,북면,128.5932506,35.29657037
379003330,146,100,4.0,감계휴먼빌,북면,128.592914,35.30234189
379003331,146,100,4.0,덕산아내,북면,128.5905689,35.30233952
379003332,149,101,4.0,힐스테이트3차.천수림아파트,북면,128.5884201,35.30220878
379003333,170,122,6.0,감계아내2차아파트,북면,128.5965079,35.30222893
379003334,129,89,4.0,무곡리,북면,128.5943215,35.32987046
379003335,132,90,4.0,무곡리,북면,128.5943566,35.32981138
379003337,531,419,21.0,현동중흥1차아파트,우산동,128.5539332,35.15101536
379003338,540,429,22.0,현동LH아파트,우산동,128.5535186,35.15197281
379003339,518,407,20.0,덕동공영차고지,덕동동,128.5635658,35.13629344
379003340,509,397,19.0,덕동공영차고지,덕동동,128.5636553,35.13603655
379003341,131,99,5.0,성지아울렛,해운동,128.5642528,35.18140212
379003342,126,93,4.0,성지아울렛,해운동,128.5641757,35.18116419
379003343,81,63,3.0,호계농협,내서읍,128.5224127,35.26098783
379003344,170,122,6.0,STX칸2차아파트,북면,128.58043,35.31635846
379003345,167,121,6.0,STX칸2차아파트,북면,128.5805745,35.31617493
379003347,15,15,1.0,STX칸1차아파트정문,북면,128.5805454,35.32263598
379003348,15,15,1.0,STX칸1차아파트정문,북면,128.5806281,35.32257898
379003349,152,106,5.0,STX칸1차아파트후문,북면,128.583139,35.32264364
379003350,155,107,5.0,STX칸1차아파트후문,북면,128.583407,35.32308446
379003351,31,31,5.0,거풍힐링빌,북면,128.6131493,35.35620503
379003352,32,32,5.0,거풍힐링빌,북면,128.6132265,35.35613607
379003353,56,56,4.0,진북면행정복지센터,진북면,128.467264,35.11512941
379003354,17,17,2.0,진북면행정복지센터,진북면,128.4672662,35.11501978
379003355,5,5,1.0,동전(14),북면,128.6039796,35.31841754
379003357,239,226,10.0,창원중앙역,용동,128.700994,35.24186075
379003358,11,11,2.0,용강마을입구,동읍,128.6386966,35.26917085
379003359,11,11,2.0,용강마을입구,동읍,128.6390202,35.26909486
379003360,11,11,2.0,용강삼거리,동읍,128.6317949,35.26984157
379003361,11,11,2.0,용강삼거리,동읍,128.6318067,35.27009075
379003362,11,11,2.0,용강마을.묘향사입구,동읍,128.6346903,35.27161234
379003363,11,11,2.0,용강마을.묘향사입구,동읍,128.6355359,35.2717365
379003364,11,11,2.0,용암마을회관,동읍,128.6456767,35.27230015
379003365,11,11,2.0,용암마을회관,동읍,128.645647,35.27222091
379003366,9,9,1.0,상포마을태평,대산면,128.7105669,35.31504618
379003367,9,9,1.0,남포회관,대산면,128.7091119,35.30998606
379003368,9,9,1.0,남포마을,대산면,128.7056219,35.31010336
379003369,62,62,3.0,대산일반산업단지,대산면,128.7020192,35.3333842
379003372,10,10,1.0,덕곡,진북면,128.4736181,35.12726447
379003373,10,10,1.0,덕곡,진북면,128.4735148,35.12736597
379003374,92,65,2.0,자은프라임아파트,자은동,128.7190842,35.15271135
379003375,63,63,3.0,대산일반산업단지,대산면,128.7021178,35.33349546
379003376,95,70,3.0,공설운동장,수송동,128.6565112,35.14961776
379003377,79,79,5.0,주남삼거리,동읍,128.670303,35.29975911
379003378,79,79,5.0,주남삼거리,동읍,128.6703692,35.29963196
379003379,116,85,2.0,합포고등학교,교방동,128.5636701,35.2086579
379003380,167,121,6.0,휴먼빌3차아파트,북면,128.5822967,35.31618663
379003381,10,10,1.0,서북동마을,진북면,128.4263278,35.15949773
379003382,30,20,1.0,제덕마을,제덕동,128.7463669,35.10457186
379003383,59,59,4.0,대산119안전센터,대산면,128.7049443,35.33332303
379003384,58,58,4.0,대산119안전센터,대산면,128.7049026,35.33347479
379003385,16,16,2.0,남백,북면,128.6346725,35.31798062
379003386,65,45,2.0,메트로시티2단지.삼성버킹궁APT,양덕동,128.5864039,35.22454144
379003387,65,45,2.0,메트로시티2단지.삼성버킹궁APT,양덕동,128.5861449,35.22448222
379003388,8,8,1.0,창원시립상복공원,상복동,128.662454,35.19342815
379003389,8,8,1.0,창원시립상복공원,상복동,128.6625695,35.1934832
379003390,92,65,2.0,냉천중.에일린의뜰APT,자은동,128.7197869,35.15538786
379003395,8,8,2.0,포스텍지엘씨,남문동,128.7743298,35.08497267
379003397,9,9,1.0,월안마을,진전면,128.4087201,35.10653331
379003399,256,184,7.0,대방동성아파트,대방동,128.7059709,35.20304247
379003400,51,51,2.0,세진테크원.에스케이지르콘,대산면,128.6986834,35.33544757
379003401,50,50,2.0,세진테크원.에스케이지르콘,대산면,128.6980912,35.33564118
379003403,92,65,2.0,중흥S클래스,자은동,128.7159309,35.15313002
379003404,8,8,2.0,지앤지,용원동,128.8070636,35.08555852
379003406,24,19,1.0,천선일반산업단지,천선동,128.7061829,35.1872891
379003407,224,177,12.0,무곡리.갈곡마을,북면,128.5991755,35.33339085
379003408,226,178,12.0,무곡리.갈곡마을,북면,128.5993785,35.33373489
379003409,18,18,2.0,괴정마을,진북면,128.4720704,35.16249904
379003410,19,19,2.0,괴정마을,진북면,128.4721946,35.16262848
379003411,92,65,2.0,냉천중,자은동,128.7194881,35.15563241
379003412,92,65,2.0,자은프라임아파트,자은동,128.7203422,35.15351181
379003413,92,65,2.0,중흥S클래스,자은동,128.7163643,35.15286703
379003414,92,65,2.0,자은민원센터,자은동,128.7133855,35.15390962
379003415,92,65,2.0,자은민원센터,자은동,128.713684,35.15381953
379003416,92,65,2.0,센트럴빌리지,자은동,128.7153099,35.15635168
379003417,92,65,2.0,천년나무아파트,자은동,128.7157506,35.15624091
379003418,47,47,3.0,창원단감테마공원,동읍,128.6635186,35.30005904
379003420,96,71,4.0,시티프라디움1차.리젠시빌란트,남문동,128.755606,35.10738909
379003423,146,100,4.0,힐스테이트3차,북면,128.5878081,35.30233621
379003424,149,101,4.0,덕산아내,북면,128.5920454,35.30220558
379003425,16,16,2.0,북창원농협경제사업장,북면,128.6126584,35.34629782
379003426,149,101,4.0,천수림아파트정문,북면,128.5864604,35.30168646
379003427,146,100,4.0,힐스테이트4차,북면,128.5862985,35.3016932
379003428,15,15,2.0,북창원농협경제사업장,북면,128.6126814,35.34616507
379003429,70,64,3.0,오솔길농장,예곡동,128.5433436,35.17233458
379003430,71,66,3.0,오솔길농장,예곡동,128.5433125,35.17214571
379003431,37,27,2.0,남문동,남문동,128.7496186,35.10870971
379003434,164,118,6.0,세스페데스공원,남문동,128.7515231,35.10579991
379003435,156,111,6.0,세스페데스공원,남문동,128.7515123,35.10593525
379003436,157,111,6.0,시티프라디움1차.리젠시빌란트,남문동,128.7555783,35.10752503
379003438,37,27,2.0,제이원빌딩,남문동,128.7508118,35.10634198
379003439,17,17,2.0,마천산업단지,남양동,128.7820403,35.11747424
379003440,11,11,1.0,월남마을입구,남양동,128.7774861,35.11758977
379003441,11,11,1.0,월남마을입구,남양동,128.7777237,35.11756001
379003442,11,11,1.0,㈜대륜기업,남양동,128.7787869,35.115748
379003443,11,11,1.0,㈜세웅전기,남양동,128.7791328,35.11560421
379003444,84,59,2.0,부영13단지,용원동,128.8180476,35.08966801
379003445,147,106,6.0,부영8단지,용원동,128.813474,35.08899694
379003446,92,67,4.0,신항초등학교,용원동,128.8103482,35.08897051
379003447,147,106,6.0,부영2단지,용원동,128.8047926,35.08893721
379003448,146,105,6.0,부영4단지,용원동,128.8007752,35.0865467
379003450,90,65,3.0,신항초등학교,용원동,128.8114543,35.08874136
379003451,144,104,5.0,이지더원아파트/애플타운,용원동,128.8135104,35.08873843
379003452,83,58,2.0,부영13단지,용원동,128.8184671,35.08972617
379003453,144,104,5.0,부영2단지,용원동,128.8030151,35.08873803
379003454,144,104,5.0,부영4단지,용원동,128.8010022,35.08657223
379003455,7,7,1.0,한진해운,안골동,128.7842073,35.08268676
379003456,15,15,2.0,진원무역,안골동,128.7852448,35.0863555
379003457,7,7,1.0,진원무역,안골동,128.7850084,35.08636357
379003458,15,15,2.0,에스아이물류,안골동,128.7870315,35.08472791
379003459,7,7,1.0,에스아이물류,안골동,128.7872945,35.08423242
379003460,8,8,2.0,ENK/한진중공업,남문동,128.769914,35.08578793
379003461,8,8,2.0,경일글로벌로지스틱스,남문동,128.7678458,35.08699039
379003462,8,8,2.0,국제물류,남문동,128.7652884,35.09083148
379003463,8,8,2.0,㈜HND로지스틱스,남문동,128.7690853,35.09400104
379003464,8,8,2.0,페어허브물류,남문동,128.7749673,35.09399857
379003465,8,8,2.0,칼트로지스/SKU,남문동,128.7786631,35.09349183
379003466,8,8,2.0,동영로지스틱스(주),남문동,128.7742296,35.0883237
379003469,36,36,3.0,월드메르디앙아파트,북면,128.5997134,35.3156561
379003470,36,36,3.0,월드메르디앙아파트,북면,128.5995469,35.31566317
379003471,9,9,1.0,월안마을.진전중학교입구,진전면,128.4102487,35.10432646
379003472,9,9,1.0,월안마을.진전중학교입구,진전면,128.4101009,35.10414032
379003473,23,23,3.0,로드60,두동,128.7898461,35.11000102
379003474,23,23,3.0,로드60,두동,128.7897112,35.11008878
379003475,84,59,2.0,용원어시장,용원동,128.8186724,35.09307623
379003476,83,58,2.0,용원어시장,용원동,128.8188895,35.09297036
379003477,92,81,3.0,용동근린공원,퇴촌동,128.6914459,35.24130984
379003478,90,79,3.0,용동근린공원,퇴촌동,128.6914814,35.24116965
379003479,184,130,2.0,진해변전소,자은동,128.7111625,35.15477015
379003480,92,65,2.0,진해변전소(장천행),자은동,128.7116875,35.15512744
379003481,92,65,2.0,진해변전소(속천행),자은동,128.7116008,35.15508903
379003482,19,19,2.0,마산정신요양원,진북면,128.471648,35.16887639
379003483,18,18,2.0,마산정신요양원,진북면,128.4715234,35.16882023
379003484,63,57,2.0,새몰마을입구,예곡동,128.5386662,35.17709762
379003485,62,57,2.0,새몰마을입구,예곡동,128.5385653,35.17709087
379003486,222,207,8.0,경남도의회,사림동,128.6934212,35.23509073
379003487,220,205,8.0,경남도의회,용동,128.6938295,35.23533627
379003488,233,222,9.0,한마음병원.하나님의 교회,용동,128.6978665,35.2362934
379003489,214,202,7.0,현대썬앤빌,용동,128.6978012,35.23643627
379003491,139,128,5.0,창원대동문,용동,128.6965797,35.23882919
379003492,203,187,7.0,한마음병원후문,용동,128.7004931,35.23786189
379003493,219,207,9.0,SM비즈타운,용동,128.7000065,35.2399871
379003494,188,138,4.0,안민터널사거리,성주동,128.7026354,35.1838696
379003495,10,10,1.0,일성식물원,진북면,128.4368836,35.15487174
379003496,10,10,1.0,일성식물원,진북면,128.4367801,35.15479801
379003497,215,203,8.0,창원중앙역,용동,128.7010895,35.24178297
379003501,49,39,2.0,창원경상대병원정문,성주동,128.7078933,35.19798534
379003502,121,127,14.0,마산역종점,석전동,128.5783765,35.23546536
379003504,30,20,1.0,제덕마을,제덕동,128.7461565,35.10455931
379003505,7,7,1.0,새몰마을,예곡동,128.5403195,35.1773546
379003506,9,9,1.0,자여사거리,동읍,128.6958137,35.28123756
379003507,8,8,1.0,자여사거리,동읍,128.6957046,35.28140581
379003508,10,10,2.0,거성아파트,미상,128.7152525,35.30471551
379003509,10,10,2.0,진영협성휴포레,미상,128.7440327,35.3019056
379003510,10,10,2.0,대근아파트,미상,128.711108,35.30339724
379003511,10,10,2.0,진영협성휴포레,미상,128.7435977,35.30208219
379003517,169,125,5.0,창원대학교종점,퇴촌동,128.6916984,35.24281343
379003518,39,34,3.0,창원역,동정동,128.6078285,35.25771871
379003519,44,0,4.0,생활폐기물처리단지,신촌동,128.6501838,35.20765296
379003520,24,24,6.0,진동시장,진동면,128.4866351,35.11348428
379003524,96,71,4.0,호반베르디움.리젠시빌란트,남문동,128.7561923,35.1050384
379003525,157,111,6.0,호반베르디움.리젠시빌란트,남문동,128.7560944,35.10494745
379003526,10,10,1.0,대밭골교,진북면,128.444308,35.150921
379003527,10,10,1.0,대밭골교,진북면,128.444193,35.150966
379003528,10,10,1.0,금산마을,진북면,128.447732,35.150047
379003529,10,10,1.0,금산마을,진북면,128.447689,35.150127
379003530,44,0,4.0,창곡산단,웅남동,128.6505279,35.20551713
379003531,50,50,2.0,장등입구,대산면,128.7027359,35.33056958
379003532,51,51,2.0,장등입구,대산면,128.7027829,35.33063155
379003534,16,16,2.0,남백,미상,128.634713,35.31790221
379005321,25,25,5.0,진동시장,진동면,128.4865269,35.11341575
379005322,7,7,1.0,웅천동행정복지센터,미상,128.7500298,35.11097198
379005323,7,7,1.0,너울림빌라,미상,128.4900055,35.23485083
379005324,6,6,1.0,너울림빌라,미상,128.4896719,35.2350825
379005325,126,84,3.0,동전리,미상,128.5985275,35.31822615
379005326,123,83,3.0,동전리,미상,128.5985542,35.31804555
379005327,22,22,4.0,무점,미상,128.6984008,35.29485906
379005328,22,22,4.0,무점,미상,128.6984704,35.29490314
379005329,22,22,4.0,무점입구,미상,128.7020128,35.29044868
379005330,22,22,4.0,무점입구,미상,128.7020641,35.29040515
379005331,15,15,2.0,북면물재생센터,미상,128.6372118,35.35442825
379005332,16,16,2.0,북면물재생센터,미상,128.6371914,35.35450738
379005335,311,227,10.0,평성사거리,미상,128.5298703,35.26755503
379005337,15,15,2.0,용담마을회관,미상,128.4992186,35.26452536
379005338,132,97,5.0,어은입구,미상,128.726505,35.11345883
379005342,4,4,1.0,덕현,미상,128.7288458,35.33485315
379005343,4,4,1.0,덕현,미상,128.7289552,35.33482454
379005344,4,4,1.0,월림마을,미상,128.7313102,35.3305124
379005345,4,4,1.0,신곡,미상,128.7349075,35.32825514
379005346,4,4,1.0,용등,미상,128.7389212,35.32619906
379005347,4,4,1.0,주호마을회관,미상,128.7413777,35.31499111
379005348,4,4,1.0,주호마을회관,미상,128.7414769,35.3150032
379005349,4,4,1.0,주호,미상,128.7413608,35.31420281
379005350,4,4,1.0,주호,미상,128.7412336,35.31404017
379005351,4,4,1.0,진영휴먼빌,미상,128.7376454,35.31398591
379005352,4,4,1.0,진영휴먼빌,미상,128.7377793,35.31381952
379005353,4,4,1.0,금병초등학교,미상,128.7352532,35.31021496
379005354,4,4,1.0,금병초등학교,미상,128.7354602,35.31012637
379005355,4,4,1.0,진영중학교,미상,128.7349711,35.30781506
379005356,4,4,1.0,진영중학교,미상,128.7351804,35.30770617
379005357,4,4,1.0,진영단감농협,미상,128.7345065,35.30369198
379005358,4,4,1.0,진영단감농협,미상,128.7347534,35.30405793
379005359,201,181,15.0,진동환승센터,진전면,128.4846864,35.11534674
379005361,77,67,4.0,소계종점,소계동,128.6030196,35.2590172
379005362,10,10,1.0,금산1반,미상,128.4461196,35.15139954
379005363,10,10,1.0,금산1반,미상,128.4462292,35.15139373
379005364,67,48,2.0,동남타운아파트,미상,128.5040664,35.24217524
379005367,116,98,1.0,구암중,미상,128.5966805,35.25513564
379005368,116,98,1.0,유성아파트,미상,128.5938104,35.25276495
379005369,116,98,1.0,구암동현대상가,미상,128.5915992,35.2486822
379005370,116,98,1.0,경남아파트,미상,128.5968139,35.25689352
379005371,116,98,1.0,구암한우아파트,미상,128.5960072,35.25777611
379005372,116,98,1.0,한보아파트,미상,128.5973005,35.25901399
379005373,116,98,1.0,경상고등학교,미상,128.598279,35.25960264
379005374,116,98,1.0,소계갓등1길,미상,128.5996499,35.25821691
379005375,135,105,6.0,덕동공영차고지,미상,128.5644837,35.1355313
379005376,126,84,3.0,새터교,북면,128.5962144,35.29619934
379005377,123,83,3.0,새터교,북면,128.5961787,35.29605787
379005380,145,90,4.0,유니시티2단지,미상,128.6281263,35.25764326
379005381,153,103,7.0,유니시티2단지,미상,128.628081,35.25785115
379005382,153,103,7.0,어반브릭스,미상,128.6249373,35.25586115
379005383,145,90,4.0,어반브릭스,미상,128.6251394,35.25580437
379005385,68,56,2.0,청구제네스A,미상,128.5582203,35.19785429
379005386,46,35,1.0,성지여고,미상,128.5617258,35.19686732
379005387,46,34,1.0,성지여고,미상,128.5616763,35.196717
379005388,46,35,1.0,청구제네스A,미상,128.5578362,35.19786374
379005389,116,98,1.0,구암동(8),미상,128.5911325,35.24644428
379005392,211,157,5.0,안민터널사거리,미상,128.7024047,35.18410442
379005394,56,38,1.0,태광주유소,미상,128.6148996,35.26204278
379005395,11,22,1.0,조밭골,미상,128.5617196,35.06197504
379005396,12,23,2.0,조밭골,미상,128.5617269,35.06206958
379005397,11,11,1.0,저도비치로드,미상,128.5619946,35.05900185
379005399,20,31,3.0,로봇랜드(입구),미상,128.5849002,35.07772566
379005400,20,31,3.0,로봇랜드(출구),미상,128.5882312,35.07565425
379005402,180,130,7.0,KB국민은행,미상,128.5044714,35.23332675
379005412,147,107,2.0,녹수아파트,미상,128.7100422,35.13745312
379005413,55,55,3.0,대산중학교,미상,128.7091072,35.33339007
379005414,202,146,7.0,마창자동차운전전문학원,팔용동,128.6046175,35.2481047
379005415,7,7,1.0,신항 서문입구,미상,128.8018353,35.08300057
379005416,8,8,2.0,신항 서문입구,미상,128.801641,35.08326481
379005417,7,7,1.0,지앤지,미상,128.8066282,35.08619165
379005418,7,7,1.0,동방물류센터,미상,128.8187948,35.08591509
379005419,7,7,1.0,세방물류,미상,128.8255134,35.08593576
379005420,8,8,2.0,세방물류,미상,128.8256731,35.08621274
379005421,14,14,1.0,경제자유구역청사거리,미상,128.8386299,35.08878363
379005422,14,14,1.0,경제자유구역청사거리,미상,128.8386564,35.08911217
379005423,7,7,1.0,경제자유구역청,미상,128.8403889,35.08557791
379005424,7,7,1.0,경제자유구역청,미상,128.8399686,35.08578256
379005429,13,13,3.0,욱곡,미상,128.5688495,35.09359146
379005430,13,13,3.0,욱곡,미상,128.5687874,35.09349763
379005431,42,53,6.0,내포리,미상,128.5854907,35.10058947
379005432,38,49,5.0,내포리,미상,128.5854132,35.10069187
379005433,38,49,5.0,백령고개,미상,128.5864742,35.10607197
379005434,42,53,6.0,백령고개,미상,128.5872011,35.10594754
379005435,11,11,2.0,지개리입구,미상,128.6109101,35.28572153
379005436,9,9,1.0,상포,미상,128.7132871,35.32300764
379005437,9,9,1.0,상포3반,미상,128.7130766,35.31850462
379005438,14,14,1.0,난포 소골,미상,128.5953128,35.08309124
379005439,16,16,1.0,난포 소골,미상,128.5954894,35.08315201
379005440,98,95,9.0,유산,미상,128.5727766,35.12990605
379005441,104,100,10.0,유산,미상,128.5728235,35.13034705
379005442,74,64,5.0,진동우체국,미상,128.4881018,35.11663196
379005443,35,35,1.0,밤밭고개(256),미상,128.5551516,35.1683307
379005446,23,23,1.0,합성성진아파트,미상,128.5813027,35.24488108
379005447,24,19,1.0,안민터널사거리,미상,128.7041905,35.18472818
379005453,16,16,1.0,심리,미상,128.6085039,35.07018228
379005454,14,14,1.0,심리,미상,128.6084693,35.07009262
379005455,6,6,1.0,명촌2,미상,128.5990271,35.38709482
379005456,6,6,1.0,명촌2,미상,128.5989703,35.38714514
379005457,6,6,1.0,명촌1,미상,128.5984664,35.38531334
379005458,6,6,1.0,명촌1,미상,128.5984722,35.38518934
379005459,11,11,2.0,대청가든,미상,128.8396097,35.1086044
379005460,257,175,4.0,성주사역 환승센터,미상,128.6927824,35.18844127
379005461,259,176,4.0,성주사역 환승센터,미상,128.6930475,35.18838349
379005462,397,292,9.0,대방동종점,미상,128.7044009,35.20373194
379005464,75,65,5.0,성원맨션,미상,128.4879381,35.11743609
379005465,21,21,3.0,부림자동차전문학원,미상,128.4864118,35.12866427
379005466,20,20,3.0,부림자동차전문학원,미상,128.4861964,35.12873
379005467,19,19,2.0,추곡리,미상,128.475096,35.1569354
379005468,18,18,2.0,추곡리,미상,128.4748109,35.15725431
379005469,10,10,2.0,둔덕,미상,128.385532,35.19099063
379005470,10,10,2.0,둔덕,미상,128.3855439,35.19088459
379005471,12,12,3.0,가촌마을,미상,128.6970764,35.33801378
379005472,22,22,1.0,창원시립마산박물관,미상,128.5679725,35.20583728
379005473,22,22,1.0,한백푸른아파트,미상,128.5664274,35.20657376
379005474,22,22,1.0,대림공작2차아파트,미상,128.5659194,35.20684846
379005475,22,22,1.0,만소노인재가복지센터,미상,128.5648482,35.20338803
379005477,22,22,1.0,창원시립마산박물관,미상,128.5680958,35.20554052
379005478,156,145,7.0,한마음병원,용동,128.6973757,35.23796875
379005479,9,9,1.0,정삼마을,미상,128.4622589,35.17195055
379005480,30,30,1.0,웅남동주민운동장,미상,128.6298818,35.19670797
379005481,10,10,2.0,원산입구,미상,128.3703862,35.14860724
379005482,10,10,2.0,원산입구,미상,128.3702648,35.14873254
379005483,10,10,2.0,대량마을,미상,128.3711953,35.16674295
379005484,10,10,2.0,대량마을,미상,128.371117,35.16665821
379005485,10,10,2.0,옥방교,미상,128.3751926,35.17290062
379005486,10,10,2.0,옥방교,미상,128.3749489,35.1727727
379005487,23,23,1.0,합성동무학아파트,미상,128.5803004,35.2400816
379005488,11,11,2.0,지개리입구,미상,128.6109227,35.28580472
379005489,3,3,2.0,윗석곡,미상,128.5573361,35.11320701
379005490,4,4,2.0,윗석곡,미상,128.5574908,35.11312166
379005491,21,21,2.0,외감삼거리,미상,128.6017178,35.28902494
379005492,21,21,2.0,외감삼거리,미상,128.6016116,35.28893622
379005497,4,4,1.0,음달마을,미상,128.564917,35.36444341
379005498,4,4,1.0,내봉촌(음달마을),미상,128.5673985,35.36347623
379005499,139,98,4.0,용원종점,미상,128.8200321,35.09619965
379005500,17,17,2.0,아산마을,미상,128.5618126,35.34906598
379005501,9,9,1.0,월안마을,미상,128.4089368,35.10654206
379005502,11,11,1.0,마천시장,미상,128.781677,35.12599151
379005503,7,7,1.0,수도마을,미상,128.7462365,35.08545892
379005504,11,11,1.0,대장동종점,미상,128.7776323,35.14278199
379005505,11,11,2.0,부암마을,미상,128.7839815,35.13320112
379005506,9,9,1.0,두릉마을종점,미상,128.5355446,35.17712245
379005508,19,19,1.0,대티회관,미상,128.4680246,35.16678419
379005509,71,60,5.0,수정종점,미상,128.5799164,35.11703121
379005510,22,22,1.0,만소노인재가복지센터,미상,128.5648999,35.20350452
379005511,22,22,1.0,마산중학교,미상,128.5626745,35.20139958
379005512,23,23,3.0,안골입구,미상,128.8022097,35.09652454
379005513,11,11,2.0,마린2차푸르지오A,미상,128.8025458,35.09635281
379005514,11,11,2.0,마린2차푸르지오A,미상,128.8028219,35.09631716
379005515,30,20,1.0,원포동,미상,128.7101466,35.10952259
379005516,30,20,1.0,원포동,미상,128.7101914,35.1097022
379005518,116,98,1.0,태화아파트,미상,128.5901841,35.24429379
379005519,103,96,4.0,창원대동문,미상,128.6958559,35.23962801
379005520,116,98,1.0,지혜의바다,미상,128.5976608,35.25595858
379005521,116,98,1.0,지혜의바다,미상,128.5976148,35.2558533
379005522,116,98,1.0,아람마트,미상,128.5959071,35.25449245
379005523,116,98,1.0,아람마트,미상,128.5958296,35.25460613
379005524,116,98,1.0,아람마트 방면,미상,128.5950935,35.25376192
379005525,116,98,1.0,MG새마을금고,미상,128.5949795,35.25383552
379005526,10,10,1.0,덕곡2교,미상,128.472375,35.13031822
379005527,10,10,1.0,덕곡2교,미상,128.4722668,35.13040515
379005528,116,98,1.0,구암남1길,미상,128.5900707,35.24425248
379005529,23,23,1.0,동마산시장,미상,128.5876292,35.2404498
379005531,116,98,1.0,삼성창원병원(8),미상,128.5903135,35.24247837
379005532,116,98,1.0,삼성창원병원(8),미상,128.5904293,35.24250388
379005533,95,88,8.0,신동,미상,128.6006794,35.33005094
379005534,30,30,1.0,팔룡가구거리,미상,128.633644,35.23748511
379005538,20,20,2.0,농산물다리,미상,128.5108083,35.25887911
379005539,15,15,2.0,농산물다리,미상,128.5106874,35.25887611
379005540,11,11,2.0,용재,미상,128.8248328,35.10200789
379005541,11,11,2.0,가주동시내버스회차지,미상,128.8382853,35.11201304
379005542,11,11,2.0,남문입구,미상,128.8351694,35.11538573
379005543,11,11,2.0,주포마을,미상,128.8357758,35.11662922
379005544,11,11,2.0,주포마을,미상,128.835849,35.11658981
379005545,11,11,2.0,한마음상회,미상,128.8354562,35.11521241
379005546,11,11,2.0,대청가든,미상,128.8397199,35.10862751
379005547,11,11,2.0,주포종점,미상,128.8354202,35.11996682
379005548,197,174,11.0,금호어울림아파트,미상,128.5790508,35.1565599
379005549,5,5,1.0,백련사입구,미상,128.6707499,35.35378668
379005552,11,11,2.0,남산마을입구,미상,128.6609147,35.2741697
379005553,11,11,2.0,남산마을입구,미상,128.6608554,35.27422459
379005555,11,11,2.0,남산마을,미상,128.6608906,35.27782896
379005556,46,46,4.0,가포LH1단지,미상,128.5835714,35.15780093
379005559,25,25,5.0,작은골,미상,128.5433355,35.11510525
379005560,24,24,6.0,작은골,미상,128.5434546,35.11516682
379005561,25,25,5.0,명주윗마을,미상,128.5465792,35.10943556
379005562,24,24,6.0,명주윗마을,미상,128.5464379,35.10964691
379005563,13,13,3.0,갈밭굼,미상,128.5483702,35.10497401
379005564,13,13,3.0,갈밭굼,미상,128.5484753,35.10487353
379005565,13,13,3.0,욱곡아랫마을,미상,128.55461,35.09585455
379005566,13,13,3.0,욱곡아랫마을,미상,128.5545191,35.09597739
379005574,17,17,2.0,인곡교,미상,128.4485302,35.12193993
379005575,18,18,1.0,늘푸른가든,미상,128.4977272,35.19373523
379005576,18,18,1.0,늘푸른가든,미상,128.497761,35.19362892
379005577,30,20,1.0,연도마을단지,미상,128.7344838,35.09753287
379005578,30,20,1.0,연도마을단지,미상,128.7345473,35.09742156
379005757,0,73,,해군교육사정문,미상,128.6825625,35.14718363
379005758,0,67,,해군교육사정문,미상,128.6825467,35.14748126
379005760,42,112,1.0,3정문,미상,128.6587331,35.14393663
379005761,42,112,1.0,3정문,미상,128.6589439,35.14392022
379005762,42,112,1.0,11부두,미상,128.6559856,35.1368139
379005763,42,112,1.0,해군사관학교,미상,128.6634913,35.13027852
379005764,15,30,1.0,해군기지사령부,미상,128.6412271,35.15335865
379005766,23,23,3.0,NHF창원대산1단지아파트,대산면,128.7055103,35.32976379
379005767,23,23,3.0,NHF창원대산1단지아파트,대산면,128.7053903,35.32976379
379005768,24,24,1.0,반도유보라아파트,대방동,128.7071149,35.21942443
379005769,24,24,1.0,반도유보라아파트,대방동,128.7070143,35.21921181
379005770,24,24,1.0,창원축구센터,사파동,128.704631,35.2225009
379005771,24,24,1.0,창원축구센터,사파동,128.704351,35.2225009
379005772,64,34,1.0,유니시티1단지,중동,128.6232665,35.2537567
379005773,78,43,2.0,유니시티1단지,중동,128.6235103,35.25372188
379005774,54,39,2.0,신항파출소,안골동,128.789647,35.09235
379005775,55,39,2.0,신항파출소,안골동,128.789802,35.092223
379005776,22,22,2.0,묘촌노인회관,현동,128.5562006,35.13769283
379005777,23,23,2.0,묘촌노인회관,현동,128.5561944,35.1377988
379005778,11,11,1.0,마산종합사회복지관,문화동,128.5562046,35.1843004
379005779,11,11,1.0,마산종합사회복지관,문화동,128.5560246,35.1843004
379005780,23,23,1.0,마산롯데캐슬동문,구암동,128.5891612,35.24701843
379005781,22,22,2.0,농업기술센터,현동,128.5497284,35.13426767
379005782,23,23,2.0,농업기술센터,현동,128.5495858,35.13427174
379005784,116,98,1.0,삼성창원병원종점(8),합성동,128.5918894,35.24273477
379005786,11,11,2.0,구룡교,북면,128.629545,35.301189
379005787,11,11,2.0,구룡교,북면,128.629447,35.301265
379005788,22,22,1.0,자산동,서성동,128.5650714,35.20557516
379005789,61,51,1.0,창원경상대병원종점(215),성주동,128.707142,35.198678
379005790,144,104,5.0,부영5단지,미상,128.8067347,35.08877881
379005791,45,45,1.0,속천해양경찰,미상,128.6702814,35.14247567
379005792,45,45,1.0,속천해양경찰,미상,128.6701349,35.14242137
379005793,18,18,1.0,신기(73-1),미상,128.4477547,35.10848651
379005794,18,18,1.0,신기(73-1),미상,128.4478734,35.10853466
379005795,7,7,1.0,옥계폐기물처리장입구,미상,128.6026941,35.10058853
379005796,6,6,1.0,옥계폐기물처리장입구,미상,128.6026814,35.10050083
379005797,12,12,2.0,풍전가든,미상,128.4338667,35.06149468
379005798,13,13,2.0,풍전가든,미상,128.4339627,35.06134258
379005799,13,13,2.0,아랫소포,미상,128.4576262,35.07325245
379005800,12,12,2.0,아랫소포,미상,128.4579333,35.07326003
379005801,12,12,2.0,목화전,미상,128.4540409,35.09206674
379005802,13,13,2.0,목화전,미상,128.4542005,35.09210313
379005803,12,12,2.0,저도비치로드,미상,128.5620254,35.0590375
379005804,191,148,7.0,소계종점,미상,128.6027392,35.25886546
379005806,8,8,1.0,호계중학교,미상,128.5176733,35.26655735
379005807,46,46,4.0,가포LH1단지,미상,128.5835754,35.15772202
379005808,19,19,4.0,유니시티2단지,미상,128.6282953,35.25785502
379005888,17,17,2.0,고현다리,미상,128.4794744,35.114178
379005894,103,96,4.0,SM비즈타운,미상,128.7000596,35.23985516
379005904,30,25,1.0,한마음병원정문,미상,128.6973486,35.23825301
379005905,71,60,5.0,수정시내버스환승센터,미상,128.5778135,35.11548367
379005907,17,17,2.0,아랫담,미상,128.4460117,35.12762095
379005910,10,10,1.0,이목마을회관,미상,128.4638103,35.13463764
379005911,10,10,1.0,이목마을,미상,128.4566062,35.14024921
379005912,10,10,1.0,금산마을,미상,128.452545,35.14355604
379005915,10,10,1.0,금산마을,미상,128.4523317,35.14359239
379005916,10,10,1.0,이목마을,미상,128.456211,35.1403914
379005917,10,10,1.0,이목마을회관,미상,128.4637047,35.13456231
379005919,11,11,1.0,평성종점,미상,128.5330019,35.26593822
379005928,134,104,6.0,덕동공영차고지,미상,128.5642268,35.13586583
379005929,56,56,2.0,속천어촌계,미상,128.6721783,35.14013784
379005930,10,10,2.0,내평마을,미상,128.380378,35.12266103
379005931,67,47,1.0,합성동농협,미상,128.5839634,35.23807353
379005932,79,69,3.0,동양테크윈,미상,128.5164373,35.25286275
379005933,78,68,3.0,동양테크윈,미상,128.5166711,35.25287785
379005934,108,68,3.0,유니시티3단지,미상,128.6306767,35.25784998
379005935,114,79,6.0,유니시티3단지,미상,128.6305648,35.25802272
379005936,68,57,2.0,한우아파트,미상,128.5590397,35.20295377
379005937,46,34,1.0,한우아파트,미상,128.5587471,35.20301612
379005938,35,25,1.0,웅천우체국,미상,128.7515071,35.1120997
379005947,10,10,1.0,서북동마을,미상,128.426311,35.15963537
379005948,22,22,1.0,시영1차아파트,미상,128.5642407,35.20706167
379005949,211,163,11.0,동전산단,미상,128.6051378,35.31568049
379005950,209,162,11.0,동전산단,미상,128.6048894,35.31562746
379005951,260,173,6.0,석전동,미상,128.5735214,35.22708177
379005952,11,11,1.0,경남대,미상,128.5578952,35.18126209
379005953,11,11,1.0,경남대,미상,128.5561213,35.18235513
379005954,224,179,7.0,장천종점,미상,128.7040317,35.13016126
379005955,8,8,1.0,평성입구,미상,128.5387214,35.25910184
379005956,24,24,1.0,토월고등학교,미상,128.7028585,35.22424732
379005957,24,24,1.0,토월고등학교,미상,128.7027812,35.22435881
379005969,0,73,,진해역(진해역주차앞),미상,128.6598911,35.15287451
379006067,687,512,20.0,의창스포츠센터,미상,128.6331077,35.25853366
379006068,700,519,21.0,의창스포츠센터,미상,128.6337363,35.25796416
379006069,702,521,21.0,의창구청,미상,128.6355032,35.25567372
379006070,700,519,21.0,의창구청,미상,128.6362963,35.25495778
379006071,597,446,19.0,서부경찰서(원흥사),미상,128.6382404,35.25247114
379006072,595,444,19.0,서부경찰서(원흥사),미상,128.6389875,35.25178736
379006073,931,668,26.0,명서초등학교,미상,128.640131,35.25019698
379006074,903,643,25.0,명서초등학교,미상,128.6406418,35.2497845
379006075,664,480,19.0,명서시장,미상,128.6421978,35.24767706
379006076,666,480,19.0,명서시장,미상,128.6430468,35.24687922
379006077,741,532,21.0,명곡다리(명곡교회),미상,128.6437399,35.24610827
379006078,808,577,22.0,명곡다리(명곡교회),미상,128.6456643,35.24511555
379006079,719,504,21.0,명서1민원센터,미상,128.6478396,35.24376341
379006080,724,506,21.0,명서1민원센터,미상,128.6487926,35.24335839
379006081,750,499,13.0,시티7,미상,128.6532624,35.24099929
379006082,677,440,11.0,시티7,미상,128.6537091,35.24095037
379006083,545,361,8.0,창원컨벤션센터,미상,128.6575222,35.23926023
379006084,548,362,8.0,창원컨벤션센터,미상,128.6579388,35.23922073
379006085,750,499,13.0,문성고등학교,미상,128.6612652,35.23764078
379006086,752,500,13.0,문성고등학교,미상,128.6618954,35.23743611
379006087,898,613,27.0,창원종합운동장,미상,128.6663423,35.23506332
379006088,844,573,26.0,노블파크아파트,미상,128.6669673,35.23487447
379006089,1026,699,30.0,트리비앙아파트(한국폴리텍대학),미상,128.6718276,35.23232006
379006090,1029,699,30.0,트리비앙아파트(한국폴리텍대학),미상,128.6713433,35.23267371
379006091,975,673,28.0,창원중앙고등학교,미상,128.6755781,35.23015933
379006092,980,673,28.0,창원중앙고등학교,미상,128.6761669,35.22995065
379006093,871,626,24.0,창원시청,미상,128.6797076,35.22774765
379006094,1147,789,32.0,창원시청(정우상가),미상,128.6788991,35.22835367
379006095,1168,854,31.0,상남시장(은아아파트),미상,128.6856159,35.22439633
379006096,1170,855,31.0,상남시장(은아아파트),미상,128.6846823,35.22505821
379006097,1168,854,31.0,시민생활체육관,미상,128.6886558,35.2226912
379006098,1170,855,31.0,시민생활체육관,미상,128.6895237,35.22230959
379006099,1168,854,31.0,대동백화점,미상,128.691441,35.22050065
379006100,1170,855,31.0,대동백화점,미상,128.6921878,35.21997201
379006101,1019,768,29.0,토월성원아파트,미상,128.6939778,35.21719375
379006102,1021,770,29.0,삼익아파트,미상,128.694475,35.21667535
379006103,1019,768,29.0,상남도서관,미상,128.6961549,35.21402477
379006104,1021,770,29.0,상남도서관(한림.우성아파트),미상,128.6966863,35.21343604
379006105,354,239,7.0,가음정시장,미상,128.6957066,35.21002288
379006106,371,253,8.0,가음정시장(더샵센트럴파크),미상,128.6954459,35.20950157
379006107,354,239,7.0,장미공원,미상,128.6939047,35.2078604
379006108,371,253,8.0,장미공원(가음은아아파트),미상,128.6935715,35.20727927
379006145,8,8,1.0,창원펫빌리지,미상,128.6613912,35.19694432
379006146,8,8,1.0,창원펫빌리지,미상,128.6617289,35.19667833
379006148,12,12,1.0,안골버스회차지,미상,128.7974361,35.09286212
379006153,335,259,10.0,청량산터널앞,미상,128.560888,35.16856333
379006154,339,263,10.0,청량산터널앞,미상,128.561119,35.16844544
379006155,11,22,1.0,옥녀봉입구,미상,128.5662897,35.07771289
379006156,12,23,2.0,옥녀봉입구,미상,128.566476,35.07770823
379006157,12,12,2.0,,미상,,
379006158,11,11,2.0,,미상,,
379006159,11,11,2.0,,미상,,
379006160,12,12,1.0,,미상,,
379006161,12,12,1.0,,미상,,
379006162,54,44,2.0,,미상,,
379006163,54,44,2.0,,미상,,
379006164,28,23,1.0,,미상,,
379006165,227,168,13.0,,미상,,
379006166,149,101,4.0,,미상,,
379006167,146,100,4.0,,미상,,
379006168,14,14,3.0,,미상,,
379006169,15,15,3.0,,미상,,
379006186,18,18,1.0,,미상,,
379006187,18,18,1.0,,미상,,
379006188,10,10,1.0,,미상,,
379006189,10,10,1.0,,미상,,
379006190,13,13,3.0,,미상,,
379006191,15,15,3.0,,미상,,
379006192,19,14,1.0,,미상,,
379006193,19,14,1.0,,미상,,
379006194,19,14,1.0,,미상,,
379006195,19,14,1.0,,미상,,
379006196,45,45,1.0,,미상,,
379006197,45,45,1.0,,미상,,
379006198,10,10,1.0,,미상,,
379006199,10,10,1.0,,미상,,
379006200,10,10,1.0,,미상,,
379006202,80,75,3.0,,미상,,
379006204,7,7,1.0,,미상,,
379006205,116,98,1.0,,미상,,
379006206,262,197,6.0,,미상,,
379006207,70,65,6.0,,미상,,
379006208,2,2,1.0,,미상,,
379006209,11,22,1.0,,미상,,
379006210,12,23,2.0,,미상,,
379006211,2,2,2.0,,미상,,
379006212,3,3,2.0,,미상,,
379006213,8,8,1.0,,미상,,
379006214,8,8,1.0,,미상,,
379006215,8,8,1.0,,미상,,
379006216,8,8,1.0,,미상,,
379006217,8,8,1.0,,미상,,
379006218,8,8,1.0,,미상,,
379006219,8,8,1.0,,미상,,
379006220,24,19,1.0,,미상,,
379006221,24,19,1.0,,미상,,
379006222,23,23,2.0,,미상,,
379006223,22,22,2.0,,미상,,
379006224,23,23,2.0,,미상,,
379006225,22,22,2.0,,미상,,
379006226,23,23,2.0,,미상,,
379006227,22,22,2.0,,미상,,
379006228,12,12,1.0,,미상,,
379006229,12,12,1.0,,미상,,
379006231,100,80,1.0,,미상,,
379006232,100,80,1.0,,미상,,
379006233,7,7,1.0,,미상,,
379006234,22,22,2.0,,미상,,
379006235,23,23,2.0,,미상,,
379006236,86,67,3.0,,미상,,
379006237,86,67,3.0,,미상,,
379006238,89,69,3.0,,미상,,
379006239,86,67,3.0,,미상,,
379006240,89,69,3.0,,미상,,
379006241,2,2,1.0,,미상,,
379006242,2,2,1.0,,미상,,
379006243,2,2,1.0,,미상,,
379006244,2,2,1.0,,미상,,
379006245,2,2,1.0,,미상,,
379006246,12,12,2.0,,미상,,
379006247,13,13,2.0,,미상,,
379006255,15,15,1.0,,미상,,
379006256,15,15,1.0,,미상,,
379006257,15,15,1.0,,미상,,
379006258,15,15,1.0,,미상,,
379006259,19,14,1.0,,미상,,
379006260,416,311,31.0,,미상,,
379006261,11,11,1.0,,미상,,
379006262,11,11,1.0,,미상,,
379006263,4,4,1.0,,미상,,
